Device,Assay,Time (UTC),Sample Numb.,Activity,Act(raw),Act(offset),Transmission(%),Sample Notes,Notes,Descr,origin,overall_dq_check
Leander,GUS,08/11/2025 0:27,1,5.8,9.428,3.623,81.91,,,,ColiMinder,PASS
Leander,GUS,08/11/2025 2:27,1,5.54,9.159,3.623,81.91,,,,ColiMinder,PASS
Leander,GUS,08/11/2025 3:27,1,5.53,9.154,3.623,81.86,,,,ColiMinder,PASS
Leander,GUS,08/11/2025 4:27,1,5.38,9.002,3.623,81.76,,,,ColiMinder,PASS
Leander,GUS,08/11/2025 5:27,1,5.24,8.861,3.623,81.55,,,,ColiMinder,PASS
Leander,GUS,08/11/2025 6:27,1,5.14,8.765,3.623,81.72,,,,ColiMinder,PASS
Leander,GUS,08/11/2025 7:27,1,5.4,9.023,3.623,81.53,,,,ColiMinder,PASS
Leander,GUS,08/11/2025 8:27,1,5.05,8.673,3.623,81.38,,,,ColiMinder,PASS
Leander,GUS,08/11/2025 9:27,1,4.99,8.609,3.623,81.02,,,,ColiMinder,PASS
Leander,GUS,08/11/2025 10:27,1,4.93,8.551,3.623,80.97,,,,ColiMinder,PASS
Leander,GUS,08/11/2025 11:27,1,4.9,8.522,3.623,80.44,,,,ColiMinder,PASS
Leander,GUS,08/11/2025 12:27,1,5.22,8.841,3.623,80.13,,,,ColiMinder,PASS
Leander,GUS,08/11/2025 13:27,1,5.37,8.994,3.623,80.2,,,,ColiMinder,PASS
Leander,GUS,08/11/2025 14:27,1,5.12,8.743,3.623,80.36,,,,ColiMinder,PASS
Leander,GUS,08/11/2025 15:27,1,5.22,8.844,3.623,80.7,,,,ColiMinder,PASS
Leander,GUS,08/11/2025 16:27,1,5.34,8.959,3.623,81.09,,,,ColiMinder,PASS
Leander,GUS,08/11/2025 17:27,1,5.53,9.157,3.623,80.18,,,,ColiMinder,PASS
Leander,GUS,08/11/2025 18:27,1,5.53,9.158,3.623,81.31,,,,ColiMinder,PASS
Leander,GUS,08/11/2025 19:27,1,5.6,9.228,3.623,81.39,,,,ColiMinder,PASS
Leander,GUS,08/11/2025 20:27,1,5.66,9.279,3.623,81.6,,,,ColiMinder,PASS
Leander,GUS,08/11/2025 21:27,1,5.75,9.37,3.623,81.54,,,,ColiMinder,PASS
Leander,GUS,08/11/2025 22:27,1,5.82,9.447,3.623,81.66,,,,ColiMinder,PASS
Leander,GUS,08/11/2025 23:27,1,5.94,9.561,3.623,81.71,,,,ColiMinder,PASS
Leander,GUS,09/11/2025 0:27,1,5.81,9.432,3.623,81.67,,,,ColiMinder,PASS
Leander,GUS,09/11/2025 1:27,1,5.94,9.463,3.525,81.77,,,,ColiMinder,PASS
Leander,GUS,09/11/2025 2:27,1,5.88,9.406,3.525,81.84,,,,ColiMinder,PASS
Leander,GUS,09/11/2025 3:27,1,5.71,9.234,3.525,81.67,,,,ColiMinder,PASS
Leander,GUS,09/11/2025 4:27,1,5.52,9.047,3.525,81.87,,,,ColiMinder,PASS
Leander,GUS,09/11/2025 5:27,1,5.47,8.999,3.525,81.78,,,,ColiMinder,PASS
Leander,GUS,09/11/2025 6:27,1,5.41,8.937,3.525,81.81,,,,ColiMinder,PASS
Leander,GUS,09/11/2025 7:27,1,5.31,8.839,3.525,81.81,,,,ColiMinder,PASS
Leander,GUS,09/11/2025 8:27,1,5.54,9.063,3.525,81.81,,,,ColiMinder,PASS
Leander,GUS,09/11/2025 9:27,1,5.62,9.146,3.525,81.77,,,,ColiMinder,PASS
Leander,GUS,09/11/2025 10:27,1,5.42,8.943,3.525,81.64,,,,ColiMinder,PASS
Leander,GUS,09/11/2025 11:27,1,5.53,9.057,3.525,81.7,,,,ColiMinder,PASS
Leander,GUS,09/11/2025 12:27,1,5.52,9.045,3.525,81.7,,,,ColiMinder,PASS
Leander,GUS,09/11/2025 13:27,1,5.44,8.962,3.525,81.81,,,,ColiMinder,PASS
Leander,GUS,09/11/2025 14:27,1,5.48,9.01,3.525,81.96,,,,ColiMinder,PASS
Leander,GUS,09/11/2025 15:27,1,5.3,8.827,3.525,82.17,,,,ColiMinder,PASS
Leander,GUS,09/11/2025 16:27,1,5.34,8.862,3.525,82.31,,,,ColiMinder,PASS
Leander,GUS,09/11/2025 17:27,1,5.35,8.871,3.525,82.29,,,,ColiMinder,PASS
Leander,GUS,09/11/2025 18:27,1,5.3,8.826,3.525,82.41,,,,ColiMinder,PASS
Leander,GUS,09/11/2025 19:27,1,5.25,8.78,3.525,82.52,,,,ColiMinder,PASS
Leander,GUS,09/11/2025 20:27,1,5.28,8.801,3.525,82.45,,,,ColiMinder,PASS
Leander,GUS,09/11/2025 21:27,1,5.14,8.661,3.525,82.56,,,,ColiMinder,PASS
Leander,GUS,09/11/2025 22:27,1,5.03,8.556,3.525,82.58,,,,ColiMinder,PASS
Leander,GUS,09/11/2025 23:27,1,4.9,8.424,3.525,82.51,,,,ColiMinder,PASS
Leander,GUS,10/11/2025 0:27,1,4.84,8.361,3.525,82.58,,,,ColiMinder,PASS
Leander,GUS,10/11/2025 1:27,1,5.48,8.722,3.237,82.47,,,,ColiMinder,PASS
Leander,GUS,10/11/2025 2:27,1,5.11,8.348,3.237,82.56,,,,ColiMinder,PASS
Leander,GUS,10/11/2025 3:27,1,5.13,8.37,3.237,82.41,,,,ColiMinder,PASS
Leander,GUS,10/11/2025 4:27,1,5.16,8.395,3.237,82.47,,,,ColiMinder,PASS
Leander,GUS,10/11/2025 5:27,1,5.24,8.481,3.237,82.41,,,,ColiMinder,PASS
Leander,GUS,10/11/2025 6:27,1,5.18,8.421,3.237,82.41,,,,ColiMinder,PASS
Leander,GUS,10/11/2025 7:27,1,5.17,8.405,3.237,82.38,,,,ColiMinder,PASS
Leander,GUS,10/11/2025 8:27,1,5.12,8.362,3.237,82.27,,,,ColiMinder,PASS
Leander,GUS,10/11/2025 9:27,1,5.01,8.244,3.237,82.17,,,,ColiMinder,PASS
Leander,GUS,10/11/2025 10:27,1,5.15,8.387,3.237,82.03,,,,ColiMinder,PASS
Leander,GUS,10/11/2025 11:27,1,4.97,8.211,3.237,81.91,,,,ColiMinder,PASS
Leander,GUS,10/11/2025 12:27,1,5.03,8.264,3.237,81.9,,,,ColiMinder,PASS
Leander,GUS,10/11/2025 13:27,1,4.91,8.146,3.237,81.82,,,,ColiMinder,PASS
Leander,GUS,10/11/2025 14:27,1,5.53,8.766,3.237,81.87,,,,ColiMinder,PASS
Leander,GUS,10/11/2025 15:27,1,5.66,8.899,3.237,81.92,,,,ColiMinder,PASS
Leander,GUS,10/11/2025 16:27,1,5.82,9.058,3.237,81.92,,,,ColiMinder,PASS
Leander,GUS,10/11/2025 17:27,1,5.6,8.838,3.237,82.07,,,,ColiMinder,PASS
Leander,GUS,10/11/2025 18:27,1,5.54,8.782,3.237,82.15,,,,ColiMinder,PASS
Leander,GUS,10/11/2025 19:27,1,5.62,8.855,3.237,82.32,,,,ColiMinder,PASS
Leander,GUS,10/11/2025 20:27,1,5.44,8.681,3.237,82.33,,,,ColiMinder,PASS
Leander,GUS,10/11/2025 21:27,1,5.38,8.62,3.237,82.43,,,,ColiMinder,PASS
Leander,GUS,10/11/2025 22:27,1,5.61,8.848,3.237,82.35,,,,ColiMinder,PASS
Leander,GUS,10/11/2025 23:27,1,5.82,9.056,3.237,82.35,,,,ColiMinder,PASS
Leander,GUS,11/11/2025 0:27,1,5.88,9.12,3.237,82.38,,,,ColiMinder,PASS
Leander,GUS,11/11/2025 1:27,1,6.08,9.159,3.079,82.39,,,,ColiMinder,PASS
Leander,GUS,11/11/2025 2:27,1,5.81,8.893,3.079,82.44,,,,ColiMinder,PASS
Leander,GUS,11/11/2025 3:27,1,5.54,8.624,3.079,82.47,,,,ColiMinder,PASS
Leander,GUS,11/11/2025 4:27,1,5.53,8.61,3.079,82.46,,,,ColiMinder,PASS
Leander,GUS,11/11/2025 5:27,1,5.41,8.489,3.079,82.36,,,,ColiMinder,PASS
Leander,GUS,11/11/2025 6:27,1,5.32,8.4,3.079,82.31,,,,ColiMinder,PASS
Leander,GUS,11/11/2025 7:27,1,5.32,8.396,3.079,82.34,,,,ColiMinder,PASS
Leander,GUS,11/11/2025 8:27,1,5.13,8.21,3.079,82.29,,,,ColiMinder,PASS
Leander,GUS,11/11/2025 9:27,1,5.09,8.169,3.079,82.17,,,,ColiMinder,PASS
Leander,GUS,11/11/2025 10:27,1,5.12,8.201,3.079,82.2,,,,ColiMinder,PASS
Leander,GUS,11/11/2025 11:27,1,5.41,8.488,3.079,82.17,,,,ColiMinder,PASS
Leander,GUS,11/11/2025 12:27,1,5.54,8.622,3.079,82.22,,,,ColiMinder,PASS
Leander,GUS,11/11/2025 13:27,1,5.64,8.719,3.079,82.13,,,,ColiMinder,PASS
Leander,GUS,11/11/2025 14:27,1,5.67,8.745,3.079,82.38,,,,ColiMinder,PASS
Leander,GUS,11/11/2025 15:27,1,5.77,8.849,3.079,82.48,,,,ColiMinder,PASS
Leander,GUS,11/11/2025 16:27,1,5.7,8.782,3.079,82.54,,,,ColiMinder,PASS
Leander,GUS,11/11/2025 17:27,1,5.44,8.518,3.079,82.58,,,,ColiMinder,PASS
Leander,GUS,11/11/2025 18:27,1,5.58,8.655,3.079,82.61,,,,ColiMinder,PASS
Leander,GUS,11/11/2025 19:27,1,5.28,8.359,3.079,82.5,,,,ColiMinder,PASS
Leander,GUS,11/11/2025 20:27,1,5.26,8.339,3.079,82.52,,,,ColiMinder,PASS
Leander,GUS,11/11/2025 21:27,1,5.16,8.234,3.079,82.6,,,,ColiMinder,PASS
Leander,GUS,11/11/2025 22:27,1,5.11,8.193,3.079,82.62,,,,ColiMinder,PASS
Leander,GUS,11/11/2025 23:27,1,5.12,8.199,3.079,82.64,,,,ColiMinder,PASS
Leander,GUS,12/11/2025 0:27,1,5.32,8.397,3.079,82.67,,,,ColiMinder,PASS
Leander,GUS,12/11/2025 1:27,1,5.48,8.395,2.913,82.68,,,,ColiMinder,PASS
Leander,GUS,12/11/2025 2:27,1,5.62,8.529,2.913,81.75,,,,ColiMinder,PASS
Leander,GUS,12/11/2025 3:27,1,5.42,8.335,2.913,82.63,,,,ColiMinder,PASS
Leander,GUS,12/11/2025 4:27,1,5.36,8.277,2.913,82.63,,,,ColiMinder,PASS
Leander,GUS,12/11/2025 5:27,1,5.81,8.721,2.913,82.59,,,,ColiMinder,PASS
Leander,GUS,12/11/2025 6:27,1,5.18,8.09,2.913,82.52,,,,ColiMinder,PASS
Leander,GUS,12/11/2025 7:27,1,4.78,7.696,2.913,82.36,,,,ColiMinder,PASS
Leander,GUS,12/11/2025 8:27,1,4.82,7.732,2.913,82.17,,,,ColiMinder,PASS
Leander,GUS,12/11/2025 9:27,1,4.74,7.655,2.913,82.14,,,,ColiMinder,PASS
Leander,GUS,12/11/2025 10:27,1,4.57,7.484,2.913,81.86,,,,ColiMinder,PASS
Leander,GUS,12/11/2025 11:27,1,4.76,7.674,2.913,81.67,,,,ColiMinder,PASS
Leander,GUS,12/11/2025 12:27,1,4.74,7.651,2.913,81.47,,,,ColiMinder,PASS
Leander,GUS,12/11/2025 13:27,1,4.4,7.311,2.913,81.55,,,,ColiMinder,PASS
Leander,GUS,12/11/2025 14:27,1,4.35,7.267,2.913,81.64,,,,ColiMinder,PASS
Leander,GUS,12/11/2025 15:27,1,4.45,7.361,2.913,81.94,,,,ColiMinder,PASS
Leander,GUS,12/11/2025 16:27,1,4.01,6.921,2.913,82.21,,,,ColiMinder,PASS
Leander,GUS,12/11/2025 17:27,1,4.18,7.092,2.913,82.37,,,,ColiMinder,PASS
Leander,GUS,12/11/2025 18:27,1,4.12,7.034,2.913,82.29,,,,ColiMinder,PASS
Leander,GUS,12/11/2025 19:27,1,3.96,6.87,2.913,82.39,,,,ColiMinder,PASS
Leander,GUS,12/11/2025 20:27,1,4,6.915,2.913,82.54,,,,ColiMinder,PASS
Leander,GUS,12/11/2025 21:28,1,3.91,6.827,2.913,82.57,,,,ColiMinder,PASS
Leander,GUS,12/11/2025 22:27,1,4.06,6.973,2.913,82.66,,,,ColiMinder,PASS
Leander,GUS,12/11/2025 23:27,1,4,6.911,2.913,82.69,,,,ColiMinder,PASS
Leander,GUS,13/11/2025 0:27,1,3.9,6.814,2.913,82.74,,,,ColiMinder,PASS
Leander,GUS,13/11/2025 1:27,1,4.2,6.921,2.722,82.77,,,,ColiMinder,PASS
Leander,GUS,13/11/2025 2:27,1,4.15,6.871,2.722,82.73,,,,ColiMinder,PASS
Leander,GUS,13/11/2025 3:27,1,4.13,6.849,2.722,82.79,,,,ColiMinder,PASS
Leander,GUS,13/11/2025 4:27,1,4.14,6.861,2.722,82.75,,,,ColiMinder,PASS
Leander,GUS,13/11/2025 5:27,1,4.12,6.838,2.722,82.76,,,,ColiMinder,PASS
Leander,GUS,13/11/2025 6:27,1,4.14,6.862,2.722,82.74,,,,ColiMinder,PASS
Leander,GUS,13/11/2025 7:27,1,4.16,6.878,2.722,82.59,,,,ColiMinder,PASS
Leander,GUS,13/11/2025 8:27,1,4.42,7.142,2.722,82.61,,,,ColiMinder,PASS
Leander,GUS,13/11/2025 9:27,1,4.18,6.899,2.722,82.53,,,,ColiMinder,PASS
Leander,GUS,13/11/2025 10:27,1,4.24,6.96,2.722,82.36,,,,ColiMinder,PASS
Leander,GUS,13/11/2025 11:27,1,4.23,6.954,2.722,82.41,,,,ColiMinder,PASS
Leander,GUS,13/11/2025 12:27,1,4.34,7.06,2.722,82.22,,,,ColiMinder,PASS
Leander,GUS,13/11/2025 13:27,1,4.53,7.257,2.722,82.12,,,,ColiMinder,PASS
Leander,GUS,13/11/2025 14:27,1,4.71,7.435,2.722,82.09,,,,ColiMinder,PASS
Leander,GUS,13/11/2025 15:27,1,4.78,7.503,2.722,82.12,,,,ColiMinder,PASS
Leander,GUS,13/11/2025 16:27,1,4.8,7.519,2.722,82.13,,,,ColiMinder,PASS
Leander,GUS,13/11/2025 17:27,1,4.76,7.485,2.722,82.22,,,,ColiMinder,PASS
Leander,GUS,13/11/2025 18:27,1,4.93,7.653,2.722,82.32,,,,ColiMinder,PASS
Leander,GUS,13/11/2025 19:27,1,4.97,7.696,2.722,82.27,,,,ColiMinder,PASS
Leander,GUS,13/11/2025 20:27,1,5.4,8.126,2.722,82.39,,,,ColiMinder,PASS
Leander,GUS,13/11/2025 21:27,1,5.36,8.082,2.722,82.4,,,,ColiMinder,PASS
Leander,GUS,13/11/2025 22:27,1,5.06,7.783,2.722,82.44,,,,ColiMinder,PASS
Leander,GUS,13/11/2025 23:27,1,4.98,7.706,2.722,82.48,,,,ColiMinder,PASS
Leander,GUS,14/11/2025 0:27,1,4.85,7.577,2.722,82.53,,,,ColiMinder,PASS
Leander,GUS,14/11/2025 1:27,1,4.9,7.551,2.651,82.64,,,,ColiMinder,PASS
Leander,GUS,14/11/2025 2:27,1,4.46,7.107,2.651,82.66,,,,ColiMinder,PASS
Leander,GUS,14/11/2025 3:27,1,4.45,7.104,2.651,82.69,,,,ColiMinder,PASS
Leander,GUS,14/11/2025 4:27,1,4.3,6.955,2.651,82.75,,,,ColiMinder,PASS
Leander,GUS,14/11/2025 5:27,1,4.3,6.948,2.651,82.68,,,,ColiMinder,PASS
Leander,GUS,14/11/2025 6:27,1,4.24,6.89,2.651,82.52,,,,ColiMinder,PASS
Leander,GUS,14/11/2025 7:28,1,4.15,6.803,2.651,82.61,,,,ColiMinder,PASS
Leander,GUS,14/11/2025 8:27,1,4.19,6.844,2.651,82.66,,,,ColiMinder,PASS
Leander,GUS,14/11/2025 9:27,1,4.24,6.891,2.651,82.56,,,,ColiMinder,PASS
Leander,GUS,14/11/2025 10:27,1,4.18,6.828,2.651,82.57,,,,ColiMinder,PASS
Leander,GUS,14/11/2025 12:11,1,4.13,6.777,2.651,82.42,,,,ColiMinder,PASS
Leander,GUS,14/11/2025 13:11,1,4.02,6.667,2.651,82.47,,,,ColiMinder,PASS
Leander,GUS,14/11/2025 14:10,1,4.04,6.688,2.651,82.53,,,,ColiMinder,PASS
Leander,GUS,14/11/2025 15:10,1,4.13,6.783,2.651,82.57,,,,ColiMinder,PASS
Leander,GUS,14/11/2025 16:10,1,4.16,6.815,2.651,82.72,,,,ColiMinder,PASS
Leander,GUS,14/11/2025 17:10,1,4.17,6.823,2.651,82.71,,,,ColiMinder,PASS
Leander,GUS,14/11/2025 18:10,1,3.98,6.636,2.651,82.73,,,,ColiMinder,PASS
Leander,GUS,14/11/2025 19:10,1,3.96,6.611,2.651,82.67,,,,ColiMinder,PASS
Leander,GUS,14/11/2025 20:10,1,4.02,6.671,2.651,82.72,,,,ColiMinder,PASS
Leander,GUS,14/11/2025 21:10,1,4.05,6.7,2.651,82.72,,,,ColiMinder,PASS
Leander,GUS,14/11/2025 22:10,1,4.09,6.738,2.651,82.71,,,,ColiMinder,PASS
Leander,GUS,14/11/2025 23:10,1,3.89,6.539,2.651,82.78,,,,ColiMinder,PASS
Leander,GUS,15/11/2025 0:10,1,4.02,6.67,2.651,82.73,,,,ColiMinder,PASS
Leander,GUS,15/11/2025 1:10,1,3.92,6.568,2.651,82.74,,,,ColiMinder,PASS
Leander,GUS,15/11/2025 2:10,1,3.98,6.629,2.651,82.8,,,,ColiMinder,PASS
Leander,GUS,15/11/2025 3:10,1,3.94,6.59,2.651,82.77,,,,ColiMinder,PASS
Leander,GUS,15/11/2025 4:10,1,3.94,6.593,2.651,82.76,,,,ColiMinder,PASS
Leander,GUS,15/11/2025 5:10,1,3.9,6.552,2.651,82.75,,,,ColiMinder,PASS
Leander,GUS,15/11/2025 6:10,1,3.81,6.461,2.651,82.72,,,,ColiMinder,PASS
Leander,GUS,15/11/2025 7:10,1,3.8,6.453,2.651,82.69,,,,ColiMinder,PASS
Leander,GUS,15/11/2025 8:10,1,3.82,6.475,2.651,82.7,,,,ColiMinder,PASS
Leander,GUS,15/11/2025 9:10,1,3.88,6.534,2.651,82.61,,,,ColiMinder,PASS
Leander,GUS,15/11/2025 10:10,1,3.85,6.504,2.651,82.62,,,,ColiMinder,PASS
Leander,GUS,15/11/2025 11:10,1,3.95,6.599,2.651,82.49,,,,ColiMinder,PASS
Leander,GUS,15/11/2025 12:10,1,3.96,6.611,2.651,82.33,,,,ColiMinder,PASS
Leander,GUS,15/11/2025 13:10,1,4.14,6.748,2.605,82.29,,,,ColiMinder,PASS
Leander,GUS,15/11/2025 14:10,1,4.04,6.647,2.605,82.31,,,,ColiMinder,PASS
Leander,GUS,15/11/2025 15:10,1,3.95,6.554,2.605,82.4,,,,ColiMinder,PASS
Leander,GUS,15/11/2025 16:10,1,4.04,6.649,2.605,82.4,,,,ColiMinder,PASS
Leander,GUS,15/11/2025 17:10,1,4.11,6.719,2.605,82.36,,,,ColiMinder,PASS
Leander,GUS,15/11/2025 18:10,1,4.05,6.657,2.605,82.54,,,,ColiMinder,PASS
Leander,GUS,15/11/2025 19:10,1,4.02,6.623,2.605,82.42,,,,ColiMinder,PASS
Leander,GUS,15/11/2025 20:10,1,4.1,6.7,2.605,82.53,,,,ColiMinder,PASS
Leander,GUS,15/11/2025 21:10,1,4.08,6.689,2.605,82.51,,,,ColiMinder,PASS
Leander,GUS,15/11/2025 22:10,1,4.05,6.657,2.605,82.53,,,,ColiMinder,PASS
Leander,GUS,15/11/2025 23:10,1,4.12,6.721,2.605,82.52,,,,ColiMinder,PASS
Leander,GUS,16/11/2025 0:10,1,4.15,6.753,2.605,82.57,,,,ColiMinder,PASS
Leander,GUS,16/11/2025 1:10,1,4.31,6.915,2.605,82.56,,,,ColiMinder,PASS
Leander,GUS,16/11/2025 2:10,1,4.25,6.852,2.605,82.59,,,,ColiMinder,PASS
Leander,GUS,16/11/2025 3:10,1,4.34,6.947,2.605,82.59,,,,ColiMinder,PASS
Leander,GUS,16/11/2025 4:10,1,4.45,7.054,2.605,82.62,,,,ColiMinder,PASS
Leander,GUS,16/11/2025 5:10,1,4.65,7.251,2.605,82.6,,,,ColiMinder,PASS
Leander,GUS,16/11/2025 6:10,1,4.99,7.594,2.605,82.55,,,,ColiMinder,PASS
Leander,GUS,16/11/2025 7:10,1,5.32,7.923,2.605,82.54,,,,ColiMinder,PASS
Leander,GUS,16/11/2025 8:10,1,5.2,7.807,2.605,82.53,,,,ColiMinder,PASS
Leander,GUS,16/11/2025 9:10,1,5.21,7.813,2.605,82.34,,,,ColiMinder,PASS
Leander,GUS,16/11/2025 10:10,1,4.75,7.352,2.605,82.37,,,,ColiMinder,PASS
Leander,GUS,16/11/2025 11:10,1,4.63,7.238,2.605,82.37,,,,ColiMinder,PASS
Leander,GUS,16/11/2025 12:10,1,4.5,7.102,2.605,82.4,,,,ColiMinder,PASS
Leander,GUS,16/11/2025 13:10,1,4.41,6.999,2.592,82.27,,,,ColiMinder,PASS
Leander,GUS,16/11/2025 14:10,1,4.44,7.032,2.592,82.29,,,,ColiMinder,PASS
Leander,GUS,16/11/2025 15:10,1,4.21,6.801,2.592,82.5,,,,ColiMinder,PASS
Leander,GUS,16/11/2025 16:10,1,4.3,6.889,2.592,82.5,,,,ColiMinder,PASS
Leander,GUS,16/11/2025 17:10,1,4.15,6.739,2.592,82.48,,,,ColiMinder,PASS
Leander,GUS,16/11/2025 18:10,1,4.15,6.74,2.592,82.51,,,,ColiMinder,PASS
Leander,GUS,16/11/2025 19:10,1,3.9,6.488,2.592,82.58,,,,ColiMinder,PASS
Leander,GUS,16/11/2025 20:10,1,4.04,6.634,2.592,82.65,,,,ColiMinder,PASS
Leander,GUS,16/11/2025 21:10,1,4.02,6.616,2.592,82.69,,,,ColiMinder,PASS
Leander,GUS,16/11/2025 22:10,1,3.99,6.587,2.592,82.68,,,,ColiMinder,PASS
Leander,GUS,16/11/2025 23:10,1,4.01,6.598,2.592,82.7,,,,ColiMinder,PASS
Leander,GUS,17/11/2025 0:10,1,3.86,6.454,2.592,82.72,,,,ColiMinder,PASS
Leander,GUS,17/11/2025 1:10,1,4.01,6.606,2.592,82.71,,,,ColiMinder,PASS
Leander,GUS,17/11/2025 2:10,1,3.99,6.583,2.592,82.71,,,,ColiMinder,PASS
Leander,GUS,17/11/2025 3:10,1,3.96,6.551,2.592,82.73,,,,ColiMinder,PASS
Leander,GUS,17/11/2025 4:10,1,3.95,6.547,2.592,82.74,,,,ColiMinder,PASS
Leander,GUS,17/11/2025 5:10,1,3.95,6.545,2.592,82.73,,,,ColiMinder,PASS
Leander,GUS,17/11/2025 6:10,1,4.07,6.659,2.592,82.74,,,,ColiMinder,PASS
Leander,GUS,17/11/2025 7:10,1,4.2,6.796,2.592,82.64,,,,ColiMinder,PASS
Leander,GUS,17/11/2025 8:10,1,4.11,6.704,2.592,82.66,,,,ColiMinder,PASS
Leander,GUS,17/11/2025 9:10,1,3.98,6.576,2.592,82.69,,,,ColiMinder,PASS
Leander,GUS,17/11/2025 10:10,1,3.89,6.479,2.592,82.38,,,,ColiMinder,PASS
Leander,GUS,17/11/2025 11:10,1,4.01,6.598,2.592,82.43,,,,ColiMinder,PASS
Leander,GUS,17/11/2025 12:10,1,3.99,6.586,2.592,82.5,,,,ColiMinder,PASS
Leander,GUS,17/11/2025 13:10,1,3.8,6.503,2.705,82.51,,,,ColiMinder,PASS
Leander,GUS,17/11/2025 14:10,1,3.93,6.632,2.705,82.47,,,,ColiMinder,PASS
Leander,GUS,17/11/2025 15:10,1,3.94,6.642,2.705,82.55,,,,ColiMinder,PASS
Leander,GUS,17/11/2025 16:10,1,3.86,6.564,2.705,82.57,,,,ColiMinder,PASS
Leander,GUS,17/11/2025 17:10,1,3.82,6.521,2.705,82.56,,,,ColiMinder,PASS
Leander,GUS,17/11/2025 18:10,1,3.87,6.574,2.705,82.59,,,,ColiMinder,PASS
Leander,GUS,17/11/2025 19:10,1,3.83,6.54,2.705,82.65,,,,ColiMinder,PASS
Leander,GUS,17/11/2025 20:10,1,3.78,6.489,2.705,82.7,,,,ColiMinder,PASS
Leander,GUS,17/11/2025 21:10,1,3.83,6.534,2.705,82.72,,,,ColiMinder,PASS
Leander,GUS,17/11/2025 22:10,1,3.82,6.527,2.705,82.78,,,,ColiMinder,PASS
Leander,GUS,17/11/2025 23:10,1,3.66,6.367,2.705,82.77,,,,ColiMinder,PASS
Leander,GUS,18/11/2025 0:10,1,3.79,6.492,2.705,82.79,,,,ColiMinder,PASS
Leander,GUS,18/11/2025 1:10,1,3.58,6.284,2.705,82.78,,,,ColiMinder,PASS
Leander,GUS,18/11/2025 2:10,1,3.84,6.542,2.705,82.84,,,,ColiMinder,PASS
Leander,GUS,18/11/2025 3:10,1,3.82,6.522,2.705,82.82,,,,ColiMinder,PASS
Leander,GUS,18/11/2025 4:10,1,3.92,6.627,2.705,82.84,,,,ColiMinder,PASS
Leander,GUS,18/11/2025 5:10,1,3.8,6.508,2.705,82.83,,,,ColiMinder,PASS
Leander,GUS,18/11/2025 6:10,1,3.83,6.537,2.705,82.77,,,,ColiMinder,PASS
Leander,GUS,18/11/2025 7:10,1,3.94,6.649,2.705,82.89,,,,ColiMinder,PASS
Leander,GUS,18/11/2025 8:10,1,3.97,6.678,2.705,82.7,,,,ColiMinder,PASS
Leander,GUS,18/11/2025 9:10,1,4.08,6.781,2.705,82.79,,,,ColiMinder,PASS
Leander,GUS,18/11/2025 10:10,1,4.01,6.719,2.705,82.71,,,,ColiMinder,PASS
Leander,GUS,18/11/2025 11:10,1,3.8,6.507,2.705,82.67,,,,ColiMinder,PASS
Leander,GUS,18/11/2025 12:10,1,3.93,6.631,2.705,82.67,,,,ColiMinder,PASS
Leander,GUS,18/11/2025 13:10,1,3.84,6.551,2.707,82.73,,,,ColiMinder,PASS
Leander,GUS,18/11/2025 14:10,1,3.7,6.406,2.707,82.71,,,,ColiMinder,PASS
Leander,GUS,18/11/2025 15:10,1,3.69,6.4,2.707,82.75,,,,ColiMinder,PASS
Leander,GUS,18/11/2025 16:10,1,3.76,6.469,2.707,82.76,,,,ColiMinder,PASS
Leander,GUS,18/11/2025 17:10,1,3.81,6.52,2.707,82.74,,,,ColiMinder,PASS
Leander,GUS,18/11/2025 18:10,1,3.89,6.6,2.707,82.7,,,,ColiMinder,PASS
Leander,GUS,18/11/2025 19:10,1,3.67,6.381,2.707,82.73,,,,ColiMinder,PASS
Leander,GUS,18/11/2025 20:10,1,3.61,6.312,2.707,82.74,,,,ColiMinder,PASS
Leander,GUS,18/11/2025 21:10,1,3.8,6.511,2.707,82.78,,,,ColiMinder,PASS
Leander,GUS,18/11/2025 22:10,1,3.76,6.467,2.707,82.8,,,,ColiMinder,PASS
Leander,GUS,18/11/2025 23:10,1,3.86,6.567,2.707,82.79,,,,ColiMinder,PASS
Leander,GUS,19/11/2025 0:10,1,3.78,6.487,2.707,82.84,,,,ColiMinder,PASS
Leander,GUS,19/11/2025 1:10,1,3.74,6.447,2.707,82.86,,,,ColiMinder,PASS
Leander,GUS,19/11/2025 2:10,1,3.81,6.516,2.707,82.82,,,,ColiMinder,PASS
Leander,GUS,19/11/2025 3:10,1,3.76,6.468,2.707,82.84,,,,ColiMinder,PASS
Leander,GUS,19/11/2025 4:10,1,3.71,6.418,2.707,82.85,,,,ColiMinder,PASS
Leander,GUS,19/11/2025 5:10,1,3.71,6.422,2.707,82.84,,,,ColiMinder,PASS
Leander,GUS,19/11/2025 6:10,1,4.98,7.683,2.707,82.82,,,,ColiMinder,PASS
Leander,GUS,19/11/2025 7:10,1,6.13,8.838,2.707,82.78,,,,ColiMinder,PASS
Leander,GUS,19/11/2025 8:10,1,5.63,8.332,2.707,81.63,,,,ColiMinder,PASS
Leander,GUS,19/11/2025 9:10,1,4.82,7.524,2.707,82.64,,,,ColiMinder,PASS
Leander,GUS,19/11/2025 10:10,1,4.09,6.797,2.707,82.73,,,,ColiMinder,PASS
Leander,GUS,19/11/2025 11:10,1,4.03,6.732,2.707,82.6,,,,ColiMinder,PASS
Leander,GUS,19/11/2025 12:10,1,3.9,6.607,2.707,82.61,,,,ColiMinder,PASS
Leander,GUS,19/11/2025 13:10,1,3.94,6.579,2.64,82.62,,,,ColiMinder,PASS
Leander,GUS,19/11/2025 14:10,1,3.87,6.509,2.64,82.63,,,,ColiMinder,PASS
Leander,GUS,19/11/2025 15:10,1,3.9,6.537,2.64,82.7,,,,ColiMinder,PASS
Leander,GUS,19/11/2025 16:10,1,4.12,6.758,2.64,82.79,,,,ColiMinder,PASS
Leander,GUS,19/11/2025 17:10,1,4.24,6.88,2.64,82.8,,,,ColiMinder,PASS
Leander,GUS,19/11/2025 18:10,1,4.04,6.684,2.64,82.92,,,,ColiMinder,PASS
Leander,GUS,19/11/2025 19:10,1,4.04,6.681,2.64,82.86,,,,ColiMinder,PASS
Leander,GUS,19/11/2025 20:10,1,4.18,6.816,2.64,82.83,,,,ColiMinder,PASS
Leander,GUS,19/11/2025 21:10,1,3.96,6.602,2.64,82.8,,,,ColiMinder,PASS
Leander,GUS,19/11/2025 22:11,1,3.76,6.4,2.64,82.92,,,,ColiMinder,PASS
Leander,GUS,19/11/2025 23:11,1,3.92,6.559,2.64,82.87,,,,ColiMinder,PASS
Leander,GUS,20/11/2025 0:11,1,3.93,6.568,2.64,82.89,,,,ColiMinder,PASS
Leander,GUS,20/11/2025 1:11,1,3.84,6.478,2.64,82.9,,,,ColiMinder,PASS
Leander,GUS,20/11/2025 2:11,1,4.03,6.674,2.64,82.93,,,,ColiMinder,PASS
Leander,GUS,20/11/2025 3:11,1,4.48,7.118,2.64,82.98,,,,ColiMinder,PASS
Leander,GUS,20/11/2025 4:11,1,4.35,6.988,2.64,82.95,,,,ColiMinder,PASS
Leander,GUS,20/11/2025 5:11,1,4.18,6.816,2.64,83,,,,ColiMinder,PASS
Leander,GUS,20/11/2025 6:11,1,4.03,6.674,2.64,82.96,,,,ColiMinder,PASS
Leander,GUS,20/11/2025 7:11,1,3.8,6.442,2.64,82.94,,,,ColiMinder,PASS
Leander,GUS,20/11/2025 8:11,1,3.8,6.44,2.64,82.87,,,,ColiMinder,PASS
Leander,GUS,20/11/2025 9:11,1,3.63,6.27,2.64,82.93,,,,ColiMinder,PASS
Leander,GUS,20/11/2025 10:11,1,3.74,6.38,2.64,82.69,,,,ColiMinder,PASS
Leander,GUS,20/11/2025 11:11,1,3.56,6.204,2.64,82.78,,,,ColiMinder,PASS
Leander,GUS,20/11/2025 12:11,1,3.61,6.254,2.64,82.73,,,,ColiMinder,PASS
Leander,GUS,20/11/2025 13:11,1,3.58,6.225,2.64,82.79,,,,ColiMinder,PASS
Leander,GUS,20/11/2025 14:11,1,3.62,6.263,2.64,82.78,,,,ColiMinder,PASS
Leander,GUS,20/11/2025 15:11,1,3.6,6.243,2.64,82.82,,,,ColiMinder,PASS
Leander,GUS,20/11/2025 16:11,1,3.63,6.266,2.64,82.82,,,,ColiMinder,PASS
Leander,GUS,20/11/2025 17:11,1,3.53,6.167,2.64,82.87,,,,ColiMinder,PASS
Leander,GUS,20/11/2025 18:11,1,3.49,6.134,2.64,82.87,,,,ColiMinder,PASS
Leander,GUS,20/11/2025 19:11,1,3.56,6.2,2.64,82.89,,,,ColiMinder,PASS
Leander,GUS,20/11/2025 20:11,1,3.53,6.17,2.64,82.97,,,,ColiMinder,PASS
Leander,GUS,20/11/2025 21:11,1,3.56,6.084,2.522,82.95,,,,ColiMinder,PASS
Leander,GUS,20/11/2025 22:11,1,3.72,6.238,2.522,83,,,,ColiMinder,PASS
Leander,GUS,20/11/2025 23:11,1,3.75,6.275,2.522,82.97,,,,ColiMinder,PASS
Leander,GUS,21/11/2025 0:11,1,3.8,6.326,2.522,82.97,,,,ColiMinder,PASS
Leander,GUS,21/11/2025 1:11,1,3.66,6.185,2.522,83,,,,ColiMinder,PASS
Leander,GUS,21/11/2025 2:11,1,3.8,6.321,2.522,82.98,,,,ColiMinder,PASS
Leander,GUS,21/11/2025 3:11,1,3.77,6.295,2.522,82.95,,,,ColiMinder,PASS
Leander,GUS,21/11/2025 4:11,1,3.77,6.293,2.522,83.01,,,,ColiMinder,PASS
Leander,GUS,21/11/2025 5:11,1,3.73,6.252,2.522,83.02,,,,ColiMinder,PASS
Leander,GUS,21/11/2025 6:11,1,3.78,6.306,2.522,83.01,,,,ColiMinder,PASS
Leander,GUS,21/11/2025 7:11,1,3.79,6.312,2.522,83,,,,ColiMinder,PASS
Leander,GUS,21/11/2025 8:11,1,3.6,6.121,2.522,82.99,,,,ColiMinder,PASS
Leander,GUS,21/11/2025 9:11,1,3.82,6.338,2.522,82.93,,,,ColiMinder,PASS
Leander,GUS,21/11/2025 10:11,1,3.86,6.383,2.522,82.85,,,,ColiMinder,PASS
Leander,GUS,21/11/2025 11:11,1,3.71,6.227,2.522,82.84,,,,ColiMinder,PASS
Leander,GUS,21/11/2025 12:11,1,4.68,7.199,2.522,81.72,,,,ColiMinder,PASS
Leander,GUS,21/11/2025 13:11,1,4.49,7.016,2.522,82.06,,,,ColiMinder,PASS
Leander,GUS,21/11/2025 14:11,1,4.14,6.665,2.522,82.43,,,,ColiMinder,PASS
Leander,GUS,21/11/2025 15:11,1,4.03,6.549,2.522,82.46,,,,ColiMinder,PASS
Leander,GUS,21/11/2025 16:11,1,4.35,6.87,2.522,82.52,,,,ColiMinder,PASS
Leander,GUS,21/11/2025 17:11,1,4.43,6.956,2.522,82.63,,,,ColiMinder,PASS
Leander,GUS,21/11/2025 18:11,1,4.15,6.677,2.522,82.71,,,,ColiMinder,PASS
Leander,GUS,21/11/2025 19:11,1,4.12,6.642,2.522,82.79,,,,ColiMinder,PASS
Leander,GUS,21/11/2025 20:11,1,3.97,6.487,2.522,82.86,,,,ColiMinder,PASS
Leander,GUS,21/11/2025 21:11,1,3.99,6.612,2.622,82.83,,,,ColiMinder,PASS
Leander,GUS,21/11/2025 22:11,1,3.9,6.526,2.622,82.88,,,,ColiMinder,PASS
Leander,GUS,21/11/2025 23:11,1,4.17,6.787,2.622,82.92,,,,ColiMinder,PASS
Leander,GUS,22/11/2025 0:11,1,4.55,7.172,2.622,82.94,,,,ColiMinder,PASS
Leander,GUS,22/11/2025 1:11,1,4.4,7.025,2.622,82.96,,,,ColiMinder,PASS
Leander,GUS,22/11/2025 2:11,1,4.41,7.035,2.622,82.99,,,,ColiMinder,PASS
Leander,GUS,22/11/2025 3:11,1,4.17,6.789,2.622,82.98,,,,ColiMinder,PASS
Leander,GUS,22/11/2025 4:11,1,3.99,6.612,2.622,82.93,,,,ColiMinder,PASS
Leander,GUS,22/11/2025 5:11,1,4.08,6.702,2.622,82.94,,,,ColiMinder,PASS
Leander,GUS,22/11/2025 6:11,1,3.98,6.607,2.622,83,,,,ColiMinder,PASS
Leander,GUS,22/11/2025 7:11,1,3.99,6.611,2.622,82.87,,,,ColiMinder,PASS
Leander,GUS,22/11/2025 8:11,1,4.07,6.689,2.622,82.93,,,,ColiMinder,PASS
Leander,GUS,22/11/2025 9:11,1,3.87,6.493,2.622,82.79,,,,ColiMinder,PASS
Leander,GUS,22/11/2025 10:11,1,3.96,6.582,2.622,82.81,,,,ColiMinder,PASS
Leander,GUS,22/11/2025 11:11,1,3.94,6.563,2.622,82.72,,,,ColiMinder,PASS
Leander,GUS,22/11/2025 12:11,1,3.86,6.484,2.622,82.76,,,,ColiMinder,PASS
Leander,GUS,22/11/2025 13:11,1,3.88,6.501,2.622,82.76,,,,ColiMinder,PASS
Leander,GUS,22/11/2025 14:11,1,3.86,6.48,2.622,82.8,,,,ColiMinder,PASS
Leander,GUS,22/11/2025 15:11,1,3.83,6.455,2.622,82.79,,,,ColiMinder,PASS
Leander,GUS,22/11/2025 16:11,1,3.77,6.395,2.622,82.75,,,,ColiMinder,PASS
Leander,GUS,22/11/2025 17:11,1,4,6.625,2.622,82.84,,,,ColiMinder,PASS
Leander,GUS,22/11/2025 18:11,1,4.3,6.927,2.622,82.88,,,,ColiMinder,PASS
Leander,GUS,22/11/2025 19:11,1,4.19,6.811,2.622,82.93,,,,ColiMinder,PASS
Leander,GUS,22/11/2025 20:11,1,4.14,6.765,2.622,82.9,,,,ColiMinder,PASS
Leander,GUS,22/11/2025 21:11,1,4.16,6.795,2.633,82.96,,,,ColiMinder,PASS
Leander,GUS,22/11/2025 22:11,1,5.06,7.691,2.633,83.02,,,,ColiMinder,PASS
Leander,GUS,22/11/2025 23:11,1,6.47,9.101,2.633,82.96,,,,ColiMinder,PASS
Leander,GUS,23/11/2025 0:11,1,6.26,8.891,2.633,82.96,,,,ColiMinder,PASS
Leander,GUS,23/11/2025 1:11,1,6.14,8.771,2.633,82.98,,,,ColiMinder,PASS
Leander,GUS,23/11/2025 2:11,1,5.42,8.055,2.633,82.98,,,,ColiMinder,PASS
Leander,GUS,23/11/2025 3:11,1,5.77,8.4,2.633,82.94,,,,ColiMinder,PASS
Leander,GUS,23/11/2025 4:11,1,5.77,8.407,2.633,83,,,,ColiMinder,PASS
Leander,GUS,23/11/2025 5:11,1,6,8.634,2.633,83.01,,,,ColiMinder,PASS
Leander,GUS,23/11/2025 6:11,1,5.41,8.044,2.633,82.98,,,,ColiMinder,PASS
Leander,GUS,23/11/2025 7:11,1,5.68,8.318,2.633,82.96,,,,ColiMinder,PASS
Leander,GUS,23/11/2025 8:11,1,5.67,8.304,2.633,82.93,,,,ColiMinder,PASS
Leander,GUS,23/11/2025 9:11,1,6.89,9.524,2.633,82.89,,,,ColiMinder,PASS
Leander,GUS,23/11/2025 10:11,1,7.3,9.936,2.633,82.78,,,,ColiMinder,PASS
Leander,GUS,23/11/2025 11:11,1,6.3,8.931,2.633,82.79,,,,ColiMinder,PASS
Leander,GUS,23/11/2025 12:11,1,5.83,8.466,2.633,82.81,,,,ColiMinder,PASS
Leander,GUS,23/11/2025 13:11,1,5.94,8.575,2.633,82.81,,,,ColiMinder,PASS
Leander,GUS,23/11/2025 14:11,1,5.73,8.368,2.633,82.77,,,,ColiMinder,PASS
Leander,GUS,23/11/2025 15:11,1,5.36,7.989,2.633,82.85,,,,ColiMinder,PASS
Leander,GUS,23/11/2025 16:11,1,6.02,8.652,2.633,82.93,,,,ColiMinder,PASS
Leander,GUS,23/11/2025 17:11,1,6.24,8.877,2.633,82.97,,,,ColiMinder,PASS
Leander,GUS,23/11/2025 18:11,1,6.24,8.872,2.633,83,,,,ColiMinder,PASS
Leander,GUS,23/11/2025 19:11,1,6.11,8.745,2.633,82.91,,,,ColiMinder,PASS
Leander,GUS,23/11/2025 20:11,1,4.88,7.508,2.633,83.08,,,,ColiMinder,PASS
Leander,GUS,23/11/2025 21:11,1,5.13,7.666,2.531,83.09,,,,ColiMinder,PASS
Leander,GUS,23/11/2025 22:11,1,4.98,7.508,2.531,83.14,,,,ColiMinder,PASS
Leander,GUS,23/11/2025 23:11,1,4.66,7.193,2.531,83.16,,,,ColiMinder,PASS
Leander,GUS,24/11/2025 0:11,1,4.43,6.957,2.531,83.12,,,,ColiMinder,PASS
Leander,GUS,24/11/2025 1:11,1,4.65,7.185,2.531,83.18,,,,ColiMinder,PASS
Leander,GUS,24/11/2025 2:11,1,4.56,7.087,2.531,83.2,,,,ColiMinder,PASS
Leander,GUS,24/11/2025 3:11,1,4.73,7.257,2.531,83.13,,,,ColiMinder,PASS
Leander,GUS,24/11/2025 4:11,1,4.7,7.233,2.531,83.15,,,,ColiMinder,PASS
Leander,GUS,24/11/2025 5:11,1,4.69,7.221,2.531,83.17,,,,ColiMinder,PASS
Leander,GUS,24/11/2025 6:11,1,4.72,7.251,2.531,83.11,,,,ColiMinder,PASS
Leander,GUS,24/11/2025 7:11,1,4.58,7.111,2.531,83.08,,,,ColiMinder,PASS
Leander,GUS,24/11/2025 8:11,1,4.52,7.048,2.531,83,,,,ColiMinder,PASS
Leander,GUS,24/11/2025 9:11,1,4.25,6.781,2.531,82.92,,,,ColiMinder,PASS
Leander,GUS,24/11/2025 10:11,1,4.31,6.84,2.531,82.89,,,,ColiMinder,PASS
Leander,GUS,24/11/2025 11:11,1,4.27,6.806,2.531,82.98,,,,ColiMinder,PASS
Leander,GUS,24/11/2025 12:11,1,4.07,6.605,2.531,82.99,,,,ColiMinder,PASS
Leander,GUS,24/11/2025 13:11,1,4.01,6.544,2.531,83.07,,,,ColiMinder,PASS
Leander,GUS,24/11/2025 14:11,1,3.93,6.457,2.531,83.01,,,,ColiMinder,PASS
Leander,GUS,24/11/2025 15:11,1,3.91,6.437,2.531,83.08,,,,ColiMinder,PASS
Leander,GUS,24/11/2025 16:11,1,3.89,6.425,2.531,83.08,,,,ColiMinder,PASS
Leander,GUS,24/11/2025 17:11,1,3.83,6.357,2.531,83.07,,,,ColiMinder,PASS
Leander,GUS,24/11/2025 18:11,1,3.86,6.394,2.531,83.15,,,,ColiMinder,PASS
Leander,GUS,24/11/2025 19:11,1,3.76,6.288,2.531,83.19,,,,ColiMinder,PASS
Leander,GUS,24/11/2025 20:11,1,3.89,6.423,2.531,83.17,,,,ColiMinder,PASS
Leander,GUS,24/11/2025 21:11,1,4.88,7.548,2.673,83.18,,,,ColiMinder,PASS
Leander,GUS,24/11/2025 22:11,1,5.01,7.683,2.673,83.16,,,,ColiMinder,PASS
Leander,GUS,24/11/2025 23:11,1,4.25,6.927,2.673,83.21,,,,ColiMinder,PASS
Leander,GUS,25/11/2025 0:11,1,5.42,8.09,2.673,83.18,,,,ColiMinder,PASS
Leander,GUS,25/11/2025 1:11,1,4.58,7.252,2.673,83.17,,,,ColiMinder,PASS
Leander,GUS,25/11/2025 2:11,1,4.18,6.858,2.673,83.16,,,,ColiMinder,PASS
Leander,GUS,25/11/2025 3:11,1,4.32,6.989,2.673,83.18,,,,ColiMinder,PASS
Leander,GUS,25/11/2025 4:11,1,4.22,6.895,2.673,83.18,,,,ColiMinder,PASS
Leander,GUS,25/11/2025 5:11,1,4.91,7.582,2.673,83.14,,,,ColiMinder,PASS
Leander,GUS,25/11/2025 6:11,1,4.19,6.868,2.673,83.06,,,,ColiMinder,PASS
Leander,GUS,25/11/2025 7:11,1,4.12,6.79,2.673,83.02,,,,ColiMinder,PASS
Leander,GUS,25/11/2025 8:11,1,4.12,6.798,2.673,82.98,,,,ColiMinder,PASS
Leander,GUS,25/11/2025 9:11,1,6.73,9.403,2.673,82.79,,,,ColiMinder,PASS
Leander,GUS,25/11/2025 10:11,1,5.03,7.706,2.673,82.81,,,,ColiMinder,PASS
Leander,GUS,25/11/2025 11:05,1,5,7.674,2.673,82.79,,,,ColiMinder,PASS
Leander,GUS,25/11/2025 12:05,1,4.52,7.195,2.673,82.88,,,,ColiMinder,PASS
Leander,GUS,25/11/2025 13:05,1,4.55,7.222,2.673,82.81,,,,ColiMinder,PASS
Leander,GUS,25/11/2025 14:05,1,4.6,7.271,2.673,82.92,,,,ColiMinder,PASS
Leander,GUS,25/11/2025 15:05,1,4.47,7.144,2.673,82.95,,,,ColiMinder,PASS
Leander,GUS,25/11/2025 16:05,1,4.55,7.227,2.673,82.95,,,,ColiMinder,PASS
Leander,GUS,25/11/2025 17:05,1,4.48,7.151,2.673,82.98,,,,ColiMinder,PASS
Leander,GUS,25/11/2025 18:05,1,4.29,6.958,2.673,83,,,,ColiMinder,PASS
Leander,GUS,25/11/2025 19:05,1,4.3,6.976,2.673,82.92,,,,ColiMinder,PASS
Leander,GUS,25/11/2025 20:05,1,4.1,6.77,2.673,82.91,,,,ColiMinder,PASS
Leander,GUS,25/11/2025 21:05,1,4.2,6.872,2.673,82.91,,,,ColiMinder,PASS
Leander,GUS,25/11/2025 22:05,1,3.96,6.637,2.673,83.02,,,,ColiMinder,PASS
Leander,GUS,25/11/2025 23:05,1,4.01,6.681,2.673,82.94,,,,ColiMinder,PASS
Leander,GUS,26/11/2025 0:05,1,3.91,6.58,2.673,83.01,,,,ColiMinder,PASS
Leander,GUS,26/11/2025 1:05,1,3.93,6.599,2.673,83.07,,,,ColiMinder,PASS
Leander,GUS,26/11/2025 2:05,1,3.75,6.419,2.673,83.07,,,,ColiMinder,PASS
Leander,GUS,26/11/2025 3:05,1,3.72,6.394,2.673,83.1,,,,ColiMinder,PASS
Leander,GUS,26/11/2025 4:05,1,3.72,6.388,2.673,83.08,,,,ColiMinder,PASS
Leander,GUS,26/11/2025 5:05,1,3.73,6.399,2.673,83.05,,,,ColiMinder,PASS
Leander,GUS,26/11/2025 6:05,1,3.7,6.374,2.673,82.99,,,,ColiMinder,PASS
Leander,GUS,26/11/2025 7:05,1,3.75,6.421,2.673,83.01,,,,ColiMinder,PASS
Leander,GUS,26/11/2025 8:05,1,4.77,7.439,2.673,82.96,,,,ColiMinder,PASS
Leander,GUS,26/11/2025 9:05,1,6.01,8.684,2.673,82.97,,,,ColiMinder,PASS
Leander,GUS,26/11/2025 10:05,1,7.41,9.977,2.571,82.75,,,,ColiMinder,PASS
Leander,GUS,26/11/2025 11:05,1,8.72,11.29,2.571,82.82,,,,ColiMinder,PASS
Leander,GUS,26/11/2025 12:05,1,6.58,9.149,2.571,82.68,,,,ColiMinder,PASS
Leander,GUS,26/11/2025 13:05,1,5.55,8.12,2.571,82.85,,,,ColiMinder,PASS
Leander,GUS,26/11/2025 14:05,1,4.93,7.503,2.571,82.92,,,,ColiMinder,PASS
Leander,GUS,26/11/2025 15:05,1,4.77,7.341,2.571,82.9,,,,ColiMinder,PASS
Leander,GUS,26/11/2025 16:05,1,4.81,7.38,2.571,82.98,,,,ColiMinder,PASS
Leander,GUS,26/11/2025 17:05,1,5.01,7.58,2.571,83,,,,ColiMinder,PASS
Leander,GUS,26/11/2025 18:05,1,4.5,7.069,2.571,83.06,,,,ColiMinder,PASS
Leander,GUS,26/11/2025 19:05,1,4.17,6.745,2.571,83.15,,,,ColiMinder,PASS
Leander,GUS,26/11/2025 20:05,1,4.14,6.709,2.571,83.12,,,,ColiMinder,PASS
Leander,GUS,26/11/2025 21:05,1,3.95,6.523,2.571,83.07,,,,ColiMinder,PASS
Leander,GUS,26/11/2025 22:05,1,4.06,6.628,2.571,83.08,,,,ColiMinder,PASS
Leander,GUS,26/11/2025 23:05,1,3.99,6.561,2.571,83.06,,,,ColiMinder,PASS
Leander,GUS,27/11/2025 0:05,1,4.09,6.662,2.571,83.1,,,,ColiMinder,PASS
Leander,GUS,27/11/2025 1:05,1,4.09,6.663,2.571,83.07,,,,ColiMinder,PASS
Leander,GUS,27/11/2025 2:05,1,4.82,7.394,2.571,83.04,,,,ColiMinder,PASS
Leander,GUS,27/11/2025 3:05,1,4.8,7.367,2.571,83.02,,,,ColiMinder,PASS
Leander,GUS,27/11/2025 4:05,1,4.56,7.127,2.571,83.04,,,,ColiMinder,PASS
Leander,GUS,27/11/2025 5:05,1,4.63,7.196,2.571,83.07,,,,ColiMinder,PASS
Leander,GUS,27/11/2025 6:05,1,4.68,7.251,2.571,83.06,,,,ColiMinder,PASS
Leander,GUS,27/11/2025 7:05,1,5.15,7.718,2.571,83.04,,,,ColiMinder,PASS
Leander,GUS,27/11/2025 8:05,1,5.66,8.233,2.571,82.95,,,,ColiMinder,PASS
Leander,GUS,27/11/2025 9:05,1,7.54,10.115,2.571,82.71,,,,ColiMinder,PASS
Leander,GUS,27/11/2025 10:05,1,7.26,9.777,2.519,82.55,,,,ColiMinder,PASS
Leander,GUS,27/11/2025 11:05,1,6.46,8.98,2.519,82.53,,,,ColiMinder,PASS
Leander,GUS,27/11/2025 12:05,1,6.46,8.977,2.519,82.46,,,,ColiMinder,PASS
Leander,GUS,27/11/2025 13:05,1,5.84,8.361,2.519,82.56,,,,ColiMinder,PASS
Leander,GUS,27/11/2025 14:05,1,5.85,8.372,2.519,82.57,,,,ColiMinder,PASS
Leander,GUS,27/11/2025 15:05,1,7.23,9.749,2.519,82.63,,,,ColiMinder,PASS
Leander,GUS,27/11/2025 16:05,1,6.84,9.359,2.519,82.69,,,,ColiMinder,PASS
Leander,GUS,27/11/2025 17:05,1,6.77,9.284,2.519,82.79,,,,ColiMinder,PASS
Leander,GUS,27/11/2025 18:05,1,6.65,9.167,2.519,82.78,,,,ColiMinder,PASS
Leander,GUS,27/11/2025 19:05,1,6.14,8.656,2.519,82.89,,,,ColiMinder,PASS
Leander,GUS,27/11/2025 20:05,1,5.57,8.085,2.519,82.93,,,,ColiMinder,PASS
Leander,GUS,27/11/2025 21:05,1,5.42,7.938,2.519,82.92,,,,ColiMinder,PASS
Leander,GUS,27/11/2025 22:05,1,5.29,7.806,2.519,82.99,,,,ColiMinder,PASS
Leander,GUS,27/11/2025 23:05,1,5.46,7.98,2.519,82.9,,,,ColiMinder,PASS
Leander,GUS,28/11/2025 0:05,1,6.43,8.947,2.519,82.85,,,,ColiMinder,PASS
Leander,GUS,28/11/2025 1:05,1,6.45,8.971,2.519,82.88,,,,ColiMinder,PASS
Leander,GUS,28/11/2025 2:05,1,6.18,8.703,2.519,82.87,,,,ColiMinder,PASS
Leander,GUS,28/11/2025 3:05,1,6.04,8.563,2.519,82.81,,,,ColiMinder,PASS
Leander,GUS,28/11/2025 4:05,1,5.78,8.301,2.519,82.9,,,,ColiMinder,PASS
Leander,GUS,28/11/2025 5:05,1,5.32,7.839,2.519,82.89,,,,ColiMinder,PASS
Leander,GUS,28/11/2025 6:05,1,4.66,7.181,2.519,82.87,,,,ColiMinder,PASS
Leander,GUS,28/11/2025 7:05,1,4.69,7.205,2.519,82.77,,,,ColiMinder,PASS
Leander,GUS,28/11/2025 8:05,1,4.82,7.335,2.519,82.73,,,,ColiMinder,PASS
Leander,GUS,28/11/2025 9:05,1,4.62,7.135,2.519,82.65,,,,ColiMinder,PASS
Leander,GUS,28/11/2025 10:05,1,4.63,7.202,2.571,82.36,,,,ColiMinder,PASS
Leander,GUS,28/11/2025 11:05,1,4.73,7.302,2.571,82.35,,,,ColiMinder,PASS
Leander,GUS,28/11/2025 12:05,1,4.7,7.272,2.571,82.31,,,,ColiMinder,PASS
Leander,GUS,28/11/2025 13:05,1,4.31,6.881,2.571,82.1,,,,ColiMinder,PASS
Leander,GUS,28/11/2025 14:05,1,4.3,6.869,2.571,82.13,,,,ColiMinder,PASS
Leander,GUS,28/11/2025 15:05,1,4.41,6.985,2.571,82.1,,,,ColiMinder,PASS
Leander,GUS,28/11/2025 16:05,1,5.54,8.112,2.571,82.14,,,,ColiMinder,PASS
Leander,GUS,28/11/2025 17:05,1,5.99,8.558,2.571,82.49,,,,ColiMinder,PASS
Leander,GUS,28/11/2025 18:05,1,5.86,8.435,2.571,82.68,,,,ColiMinder,PASS
Leander,GUS,28/11/2025 19:05,1,5.64,8.215,2.571,82.7,,,,ColiMinder,PASS
Leander,GUS,28/11/2025 20:05,1,5.47,8.046,2.571,82.73,,,,ColiMinder,PASS
Leander,GUS,28/11/2025 21:05,1,5.55,8.119,2.571,82.75,,,,ColiMinder,PASS
Leander,GUS,28/11/2025 22:05,1,5.68,8.255,2.571,82.75,,,,ColiMinder,PASS
Leander,GUS,28/11/2025 23:05,1,5.45,8.023,2.571,82.79,,,,ColiMinder,PASS
Leander,GUS,29/11/2025 0:05,1,5.74,8.31,2.571,82.72,,,,ColiMinder,PASS
Leander,GUS,29/11/2025 1:05,1,5.54,8.114,2.571,82.73,,,,ColiMinder,PASS
Leander,GUS,29/11/2025 2:05,1,5.42,7.991,2.571,82.72,,,,ColiMinder,PASS
Leander,GUS,29/11/2025 3:05,1,5.14,7.706,2.571,82.78,,,,ColiMinder,PASS
Leander,GUS,29/11/2025 4:05,1,5.23,7.805,2.571,82.72,,,,ColiMinder,PASS
Leander,GUS,29/11/2025 5:05,1,5.45,8.018,2.571,82.73,,,,ColiMinder,PASS
Leander,GUS,29/11/2025 6:05,1,5.94,8.509,2.571,82.61,,,,ColiMinder,PASS
Leander,GUS,29/11/2025 7:05,1,5.78,8.354,2.571,82.66,,,,ColiMinder,PASS
Leander,GUS,29/11/2025 8:05,1,5.62,8.187,2.571,82.64,,,,ColiMinder,PASS
Leander,GUS,29/11/2025 9:05,1,5.72,8.288,2.571,82.46,,,,ColiMinder,PASS
Leander,GUS,29/11/2025 10:05,1,5.43,8.022,2.592,82.47,,,,ColiMinder,PASS
Leander,GUS,29/11/2025 11:05,1,5.47,8.058,2.592,82.33,,,,ColiMinder,PASS
Leander,GUS,29/11/2025 12:05,1,5.25,7.844,2.592,82.25,,,,ColiMinder,PASS
Leander,GUS,29/11/2025 13:05,1,5.02,7.614,2.592,82.25,,,,ColiMinder,PASS
Leander,GUS,29/11/2025 14:05,1,5.1,7.696,2.592,82.01,,,,ColiMinder,PASS
Leander,GUS,29/11/2025 15:05,1,5.17,7.763,2.592,81.96,,,,ColiMinder,PASS
Leander,GUS,29/11/2025 16:05,1,5.3,7.893,2.592,82.12,,,,ColiMinder,PASS
Leander,GUS,29/11/2025 17:05,1,5.34,7.928,2.592,82.32,,,,ColiMinder,PASS
Leander,GUS,29/11/2025 18:05,1,5.28,7.87,2.592,82.41,,,,ColiMinder,PASS
Leander,GUS,29/11/2025 19:05,1,5.29,7.879,2.592,82.44,,,,ColiMinder,PASS
Leander,GUS,29/11/2025 20:05,1,7.39,9.984,2.592,82.15,,,,ColiMinder,PASS
Leander,GUS,29/11/2025 21:05,1,5.09,7.683,2.592,82.61,,,,ColiMinder,PASS
Leander,GUS,29/11/2025 22:05,1,5.25,7.845,2.592,82.59,,,,ColiMinder,PASS
Leander,GUS,29/11/2025 23:05,1,5.21,7.803,2.592,82.65,,,,ColiMinder,PASS
Leander,GUS,30/11/2025 0:05,1,5.2,7.787,2.592,82.66,,,,ColiMinder,PASS
Leander,GUS,30/11/2025 1:05,1,5.64,8.229,2.592,82.56,,,,ColiMinder,PASS
Leander,GUS,30/11/2025 2:05,1,5.57,8.159,2.592,82.58,,,,ColiMinder,PASS
Leander,GUS,30/11/2025 3:05,1,5.41,8.004,2.592,82.54,,,,ColiMinder,PASS
Leander,GUS,30/11/2025 4:05,1,5.55,8.141,2.592,82.51,,,,ColiMinder,PASS
Leander,GUS,30/11/2025 5:05,1,5.62,8.211,2.592,82.49,,,,ColiMinder,PASS
Leander,GUS,30/11/2025 6:05,1,5.87,8.465,2.592,82.43,,,,ColiMinder,PASS
Leander,GUS,30/11/2025 7:05,1,5.38,7.977,2.592,82.58,,,,ColiMinder,PASS
Leander,GUS,30/11/2025 8:05,1,5.18,7.768,2.592,82.51,,,,ColiMinder,PASS
Leander,GUS,30/11/2025 9:05,1,5.68,8.272,2.592,82.37,,,,ColiMinder,PASS
Leander,GUS,30/11/2025 10:05,1,5.39,7.995,2.603,82.04,,,,ColiMinder,PASS
Leander,GUS,30/11/2025 11:05,1,5.83,8.428,2.603,81.14,,,,ColiMinder,PASS
Leander,GUS,30/11/2025 12:05,1,5.25,7.855,2.603,81.47,,,,ColiMinder,PASS
Leander,GUS,30/11/2025 13:05,1,5.29,7.895,2.603,81.5,,,,ColiMinder,PASS
Leander,GUS,30/11/2025 14:05,1,7.71,10.314,2.603,81.55,,,,ColiMinder,PASS
Leander,GUS,30/11/2025 15:05,1,7.89,10.496,2.603,81.78,,,,ColiMinder,PASS
Leander,GUS,30/11/2025 16:05,1,7.36,9.959,2.603,81.98,,,,ColiMinder,PASS
Leander,GUS,30/11/2025 17:05,1,6.99,9.596,2.603,82.23,,,,ColiMinder,PASS
Leander,GUS,30/11/2025 18:05,1,7.45,10.049,2.603,82.39,,,,ColiMinder,PASS
Leander,GUS,30/11/2025 19:05,1,5.7,8.306,2.603,82.57,,,,ColiMinder,PASS
Leander,GUS,30/11/2025 20:05,1,5.75,8.351,2.603,82.64,,,,ColiMinder,PASS
Leander,GUS,30/11/2025 21:05,1,5.65,8.251,2.603,82.67,,,,ColiMinder,PASS
Leander,GUS,30/11/2025 22:05,1,6.3,8.904,2.603,82.55,,,,ColiMinder,PASS
Leander,GUS,30/11/2025 23:05,1,5.82,8.424,2.603,82.63,,,,ColiMinder,PASS
Leander,GUS,01/12/2025 0:05,1,5.32,7.927,2.603,82.7,,,,ColiMinder,PASS
Leander,GUS,01/12/2025 1:05,1,5.37,7.977,2.603,82.72,,,,ColiMinder,PASS
Leander,GUS,01/12/2025 2:05,1,5.02,7.619,2.603,82.72,,,,ColiMinder,PASS
Leander,GUS,01/12/2025 3:05,1,5.47,8.075,2.603,82.58,,,,ColiMinder,PASS
Leander,GUS,01/12/2025 4:05,1,5.31,7.91,2.603,82.58,,,,ColiMinder,PASS
Leander,GUS,01/12/2025 5:05,1,5.29,7.894,2.603,82.57,,,,ColiMinder,PASS
Leander,GUS,01/12/2025 6:05,1,5.52,8.119,2.603,82.51,,,,ColiMinder,PASS
Leander,GUS,01/12/2025 7:05,1,5.42,8.02,2.603,82.49,,,,ColiMinder,PASS
Leander,GUS,01/12/2025 8:05,1,5.42,8.021,2.603,82.54,,,,ColiMinder,PASS
Leander,GUS,01/12/2025 9:05,1,5.33,7.937,2.603,82.41,,,,ColiMinder,PASS
Leander,GUS,01/12/2025 10:05,1,6.23,8.767,2.537,82.3,,,,ColiMinder,PASS
Leander,GUS,01/12/2025 11:05,1,7.4,9.939,2.537,82.27,,,,ColiMinder,PASS
Leander,GUS,01/12/2025 12:05,1,6.8,9.332,2.537,82.23,,,,ColiMinder,PASS
Leander,GUS,01/12/2025 13:05,1,6.67,9.207,2.537,82.12,,,,ColiMinder,PASS
Leander,GUS,01/12/2025 14:05,1,6.82,9.354,2.537,82.09,,,,ColiMinder,PASS
Leander,GUS,01/12/2025 15:05,1,6.1,8.638,2.537,82.16,,,,ColiMinder,PASS
Leander,GUS,01/12/2025 16:05,1,5.64,8.179,2.537,82.42,,,,ColiMinder,PASS
Leander,GUS,01/12/2025 17:05,1,5.59,8.126,2.537,82.52,,,,ColiMinder,PASS
Leander,GUS,01/12/2025 18:05,1,5.35,7.882,2.537,82.59,,,,ColiMinder,PASS
Leander,GUS,01/12/2025 19:05,1,5.36,7.895,2.537,82.72,,,,ColiMinder,PASS
Leander,GUS,01/12/2025 20:05,1,5.33,7.87,2.537,82.59,,,,ColiMinder,PASS
Leander,GUS,01/12/2025 21:05,1,5.23,7.766,2.537,82.66,,,,ColiMinder,PASS
Leander,GUS,01/12/2025 22:05,1,5.59,8.122,2.537,82.7,,,,ColiMinder,PASS
Leander,GUS,01/12/2025 23:05,1,5.38,7.919,2.537,82.7,,,,ColiMinder,PASS
Leander,GUS,02/12/2025 0:05,1,5.18,7.712,2.537,82.68,,,,ColiMinder,PASS
Leander,GUS,02/12/2025 1:05,1,5.03,7.565,2.537,82.68,,,,ColiMinder,PASS
Leander,GUS,02/12/2025 2:05,1,5.22,7.758,2.537,82.65,,,,ColiMinder,PASS
Leander,GUS,02/12/2025 3:05,1,5.12,7.653,2.537,82.57,,,,ColiMinder,PASS
Leander,GUS,02/12/2025 4:05,1,4.98,7.521,2.537,82.69,,,,ColiMinder,PASS
Leander,GUS,02/12/2025 5:05,1,4.88,7.42,2.537,82.53,,,,ColiMinder,PASS
Leander,GUS,02/12/2025 6:05,1,5.19,7.726,2.537,82.48,,,,ColiMinder,PASS
Leander,GUS,02/12/2025 7:05,1,5.24,7.78,2.537,82.41,,,,ColiMinder,PASS
Leander,GUS,02/12/2025 8:05,1,5.02,7.556,2.537,82.59,,,,ColiMinder,PASS
Leander,GUS,02/12/2025 9:05,1,5.33,7.869,2.537,82.35,,,,ColiMinder,PASS
Leander,GUS,02/12/2025 10:05,1,4.93,7.541,2.612,82.21,,,,ColiMinder,PASS
Leander,GUS,02/12/2025 11:05,1,4.92,7.529,2.612,81.84,,,,ColiMinder,PASS
Leander,GUS,02/12/2025 12:05,1,4.84,7.455,2.612,82.04,,,,ColiMinder,PASS
Leander,GUS,02/12/2025 13:05,1,4.54,7.151,2.612,81.94,,,,ColiMinder,PASS
Leander,GUS,02/12/2025 14:05,1,4.49,7.103,2.612,82.05,,,,ColiMinder,PASS
Leander,GUS,02/12/2025 15:05,1,4.76,7.374,2.612,82.18,,,,ColiMinder,PASS
Leander,GUS,02/12/2025 16:05,1,4.41,7.017,2.612,82.48,,,,ColiMinder,PASS
Leander,GUS,02/12/2025 17:05,1,5.2,7.814,2.612,82.46,,,,ColiMinder,PASS
Leander,GUS,02/12/2025 18:05,1,4.14,6.747,2.612,82.7,,,,ColiMinder,PASS
Leander,GUS,02/12/2025 19:05,1,4.01,6.617,2.612,82.77,,,,ColiMinder,PASS
Leander,GUS,02/12/2025 20:05,1,3.9,6.517,2.612,82.8,,,,ColiMinder,PASS
Leander,GUS,02/12/2025 21:05,1,3.92,6.529,2.612,82.82,,,,ColiMinder,PASS
Leander,GUS,02/12/2025 22:05,1,3.81,6.426,2.612,82.95,,,,ColiMinder,PASS
Leander,GUS,02/12/2025 23:05,1,3.72,6.336,2.612,82.94,,,,ColiMinder,PASS
Leander,GUS,03/12/2025 0:05,1,3.72,6.33,2.612,82.95,,,,ColiMinder,PASS
Leander,GUS,03/12/2025 1:05,1,3.73,6.342,2.612,82.98,,,,ColiMinder,PASS
Leander,GUS,03/12/2025 2:05,1,3.74,6.348,2.612,83.01,,,,ColiMinder,PASS
Leander,GUS,03/12/2025 3:05,1,3.75,6.364,2.612,83,,,,ColiMinder,PASS
Leander,GUS,03/12/2025 4:05,1,3.5,6.107,2.612,83.04,,,,ColiMinder,PASS
Leander,GUS,03/12/2025 5:05,1,3.42,6.036,2.612,83.06,,,,ColiMinder,PASS
Leander,GUS,03/12/2025 6:05,1,3.49,6.105,2.612,82.86,,,,ColiMinder,PASS
Leander,GUS,03/12/2025 7:05,1,3.47,6.084,2.612,83.06,,,,ColiMinder,PASS
Leander,GUS,03/12/2025 8:05,1,3.63,6.24,2.612,83.01,,,,ColiMinder,PASS
Leander,GUS,03/12/2025 9:05,1,3.54,6.155,2.612,82.91,,,,ColiMinder,PASS
Leander,GUS,03/12/2025 10:05,1,3.46,6.096,2.64,82.93,,,,ColiMinder,PASS
Leander,GUS,03/12/2025 11:05,1,3.31,5.946,2.64,82.78,,,,ColiMinder,PASS
Leander,GUS,03/12/2025 12:05,1,3.48,6.119,2.64,82.8,,,,ColiMinder,PASS
Leander,GUS,03/12/2025 13:05,1,3.48,6.121,2.64,82.76,,,,ColiMinder,PASS
Leander,GUS,03/12/2025 14:05,1,3.54,6.179,2.64,82.85,,,,ColiMinder,PASS
Leander,GUS,03/12/2025 15:05,1,3.64,6.281,2.64,82.85,,,,ColiMinder,PASS
Leander,GUS,03/12/2025 16:05,1,3.5,6.137,2.64,82.95,,,,ColiMinder,PASS
Leander,GUS,03/12/2025 17:05,1,3.42,6.059,2.64,82.97,,,,ColiMinder,PASS
Leander,GUS,03/12/2025 18:05,1,3.42,6.059,2.64,82.97,,,,ColiMinder,PASS
Leander,GUS,03/12/2025 19:05,1,3.43,6.074,2.64,82.95,,,,ColiMinder,PASS
Leander,GUS,03/12/2025 20:05,1,3.47,6.114,2.64,83.09,,,,ColiMinder,PASS
Leander,GUS,03/12/2025 21:05,1,3.44,6.082,2.64,83.01,,,,ColiMinder,PASS
Leander,GUS,03/12/2025 22:05,1,3.38,6.019,2.64,83.04,,,,ColiMinder,PASS
Leander,GUS,03/12/2025 23:05,1,3.47,6.107,2.64,83.07,,,,ColiMinder,PASS
Leander,GUS,04/12/2025 0:05,1,3.34,5.982,2.64,83.1,,,,ColiMinder,PASS
Leander,GUS,04/12/2025 1:05,1,3.25,5.889,2.64,83.04,,,,ColiMinder,PASS
Leander,GUS,04/12/2025 2:05,1,3.33,5.966,2.64,83.05,,,,ColiMinder,PASS
Leander,GUS,04/12/2025 3:05,1,3.37,6.011,2.64,83.04,,,,ColiMinder,PASS
Leander,GUS,04/12/2025 4:05,1,3.43,6.065,2.64,83.01,,,,ColiMinder,PASS
Leander,GUS,04/12/2025 5:05,1,3.35,5.989,2.64,82.97,,,,ColiMinder,PASS
Leander,GUS,04/12/2025 6:05,1,3.41,6.055,2.64,82.93,,,,ColiMinder,PASS
Leander,GUS,04/12/2025 7:05,1,3.28,5.919,2.64,82.88,,,,ColiMinder,PASS
Leander,GUS,04/12/2025 8:05,1,3.49,6.127,2.64,82.88,,,,ColiMinder,PASS
Leander,GUS,04/12/2025 9:05,1,4.26,6.897,2.64,82.2,,,,ColiMinder,PASS
Leander,GUS,04/12/2025 10:05,1,4.07,6.595,2.528,82.69,,,,ColiMinder,PASS
Leander,GUS,04/12/2025 11:05,1,3.91,6.442,2.528,82.67,,,,ColiMinder,PASS
Leander,GUS,04/12/2025 12:05,1,3.53,6.06,2.528,82.68,,,,ColiMinder,PASS
Leander,GUS,04/12/2025 13:05,1,3.57,6.095,2.528,82.57,,,,ColiMinder,PASS
Leander,GUS,04/12/2025 14:05,1,3.46,5.988,2.528,82.45,,,,ColiMinder,PASS
Leander,GUS,04/12/2025 15:05,1,3.54,6.064,2.528,82.59,,,,ColiMinder,PASS
Leander,GUS,04/12/2025 16:05,1,3.36,5.89,2.528,82.58,,,,ColiMinder,PASS
Leander,GUS,04/12/2025 17:05,1,3.51,6.037,2.528,82.76,,,,ColiMinder,PASS
Leander,GUS,04/12/2025 18:05,1,3.67,6.2,2.528,82.73,,,,ColiMinder,PASS
Leander,GUS,04/12/2025 19:05,1,3.42,5.945,2.528,82.8,,,,ColiMinder,PASS
Leander,GUS,04/12/2025 20:05,1,3.41,5.941,2.528,82.85,,,,ColiMinder,PASS
Leander,GUS,04/12/2025 21:05,1,3.41,5.938,2.528,82.83,,,,ColiMinder,PASS
Leander,GUS,04/12/2025 22:05,1,3.46,5.99,2.528,82.87,,,,ColiMinder,PASS
Leander,GUS,04/12/2025 23:05,1,3.4,5.924,2.528,82.95,,,,ColiMinder,PASS
Leander,GUS,05/12/2025 0:05,1,3.34,5.866,2.528,83,,,,ColiMinder,PASS
Leander,GUS,05/12/2025 1:05,1,3.27,5.798,2.528,82.93,,,,ColiMinder,PASS
Leander,GUS,05/12/2025 2:05,1,3.34,5.864,2.528,82.98,,,,ColiMinder,PASS
Leander,GUS,05/12/2025 3:05,1,3.4,5.926,2.528,82.92,,,,ColiMinder,PASS
Leander,GUS,05/12/2025 4:05,1,3.45,5.976,2.528,82.87,,,,ColiMinder,PASS
Leander,GUS,05/12/2025 5:05,1,3.41,5.941,2.528,82.81,,,,ColiMinder,PASS
Leander,GUS,05/12/2025 6:05,1,3.47,5.998,2.528,82.74,,,,ColiMinder,PASS
Leander,GUS,05/12/2025 7:05,1,3.43,5.962,2.528,82.55,,,,ColiMinder,PASS
Leander,GUS,05/12/2025 8:05,1,3.54,6.07,2.528,82.44,,,,ColiMinder,PASS
Leander,GUS,05/12/2025 9:05,1,3.37,5.899,2.528,82.45,,,,ColiMinder,PASS
Leander,GUS,05/12/2025 10:05,1,3.33,5.936,2.61,82.16,,,,ColiMinder,PASS
Leander,GUS,05/12/2025 11:05,1,3.41,6.024,2.61,82.09,,,,ColiMinder,PASS
Leander,GUS,05/12/2025 12:05,1,3.48,6.086,2.61,82.31,,,,ColiMinder,PASS
Leander,GUS,05/12/2025 13:05,1,3.49,6.102,2.61,82.19,,,,ColiMinder,PASS
Leander,GUS,05/12/2025 14:05,1,3.32,5.934,2.61,82.29,,,,ColiMinder,PASS
Leander,GUS,05/12/2025 15:05,1,3.14,5.751,2.61,82.4,,,,ColiMinder,PASS
Leander,GUS,05/12/2025 16:05,1,3.25,5.865,2.61,82.44,,,,ColiMinder,PASS
Leander,GUS,05/12/2025 17:05,1,3.18,5.791,2.61,82.48,,,,ColiMinder,PASS
Leander,GUS,05/12/2025 18:05,1,3.24,5.853,2.61,82.57,,,,ColiMinder,PASS
Leander,GUS,05/12/2025 19:05,1,3.19,5.802,2.61,82.71,,,,ColiMinder,PASS
Leander,GUS,05/12/2025 20:05,1,3.4,6.014,2.61,82.7,,,,ColiMinder,PASS
Leander,GUS,05/12/2025 21:05,1,3.52,6.127,2.61,82.75,,,,ColiMinder,PASS
Leander,GUS,05/12/2025 22:05,1,3.26,5.874,2.61,82.72,,,,ColiMinder,PASS
Leander,GUS,05/12/2025 23:05,1,3.15,5.761,2.61,82.72,,,,ColiMinder,PASS
Leander,GUS,06/12/2025 0:05,1,3.25,5.859,2.61,82.81,,,,ColiMinder,PASS
Leander,GUS,06/12/2025 1:05,1,3.04,5.652,2.61,82.86,,,,ColiMinder,PASS
Leander,GUS,06/12/2025 2:05,1,3.16,5.77,2.61,82.89,,,,ColiMinder,PASS
Leander,GUS,06/12/2025 3:05,1,3.15,5.763,2.61,82.86,,,,ColiMinder,PASS
Leander,GUS,06/12/2025 4:05,1,3.26,5.866,2.61,82.84,,,,ColiMinder,PASS
Leander,GUS,06/12/2025 5:05,1,3.18,5.793,2.61,82.73,,,,ColiMinder,PASS
Leander,GUS,06/12/2025 6:05,1,3.37,5.978,2.61,82.75,,,,ColiMinder,PASS
Leander,GUS,06/12/2025 7:05,1,3.28,5.887,2.61,82.88,,,,ColiMinder,PASS
Leander,GUS,06/12/2025 8:05,1,3.39,5.996,2.61,82.82,,,,ColiMinder,PASS
Leander,GUS,06/12/2025 9:05,1,3.23,5.841,2.61,82.79,,,,ColiMinder,PASS
Leander,GUS,06/12/2025 10:05,1,3.23,5.906,2.671,82.81,,,,ColiMinder,PASS
Leander,GUS,06/12/2025 11:05,1,2.93,5.598,2.671,82.66,,,,ColiMinder,PASS
Leander,GUS,06/12/2025 12:05,1,3.03,5.706,2.671,82.77,,,,ColiMinder,PASS
Leander,GUS,06/12/2025 13:05,1,3.05,5.725,2.671,82.73,,,,ColiMinder,PASS
Leander,GUS,06/12/2025 14:05,1,3,5.668,2.671,82.87,,,,ColiMinder,PASS
Leander,GUS,06/12/2025 15:05,1,3.02,5.688,2.671,82.92,,,,ColiMinder,PASS
Leander,GUS,06/12/2025 16:05,1,2.99,5.657,2.671,83.04,,,,ColiMinder,PASS
Leander,GUS,06/12/2025 17:05,1,2.91,5.585,2.671,83.01,,,,ColiMinder,PASS
Leander,GUS,06/12/2025 18:05,1,2.9,5.572,2.671,82.96,,,,ColiMinder,PASS
Leander,GUS,06/12/2025 19:05,1,2.93,5.596,2.671,83.04,,,,ColiMinder,PASS
Leander,GUS,06/12/2025 20:05,1,2.93,5.6,2.671,82.99,,,,ColiMinder,PASS
Leander,GUS,06/12/2025 21:05,1,2.99,5.663,2.671,83.12,,,,ColiMinder,PASS
Leander,GUS,06/12/2025 22:05,1,2.93,5.6,2.671,83.02,,,,ColiMinder,PASS
Leander,GUS,06/12/2025 23:05,1,2.93,5.604,2.671,83.1,,,,ColiMinder,PASS
Leander,GUS,07/12/2025 0:05,1,2.81,5.482,2.671,83.11,,,,ColiMinder,PASS
Leander,GUS,07/12/2025 1:05,1,2.96,5.635,2.671,83.17,,,,ColiMinder,PASS
Leander,GUS,07/12/2025 2:05,1,2.91,5.585,2.671,83.15,,,,ColiMinder,PASS
Leander,GUS,07/12/2025 3:05,1,3.03,5.704,2.671,83.15,,,,ColiMinder,PASS
Leander,GUS,07/12/2025 4:05,1,2.85,5.524,2.671,83.08,,,,ColiMinder,PASS
Leander,GUS,07/12/2025 5:05,1,3.01,5.686,2.671,83.1,,,,ColiMinder,PASS
Leander,GUS,07/12/2025 6:05,1,3.04,5.712,2.671,83.11,,,,ColiMinder,PASS
Leander,GUS,07/12/2025 7:05,1,2.88,5.547,2.671,83.13,,,,ColiMinder,PASS
Leander,GUS,07/12/2025 8:05,1,3.01,5.685,2.671,83.09,,,,ColiMinder,PASS
Leander,GUS,07/12/2025 9:05,1,2.84,5.513,2.671,83.03,,,,ColiMinder,PASS
Leander,GUS,07/12/2025 10:05,1,3.06,5.612,2.55,83.08,,,,ColiMinder,PASS
Leander,GUS,07/12/2025 11:05,1,2.93,5.478,2.55,82.98,,,,ColiMinder,PASS
Leander,GUS,07/12/2025 12:05,1,3.09,5.645,2.55,82.98,,,,ColiMinder,PASS
Leander,GUS,07/12/2025 13:05,1,2.99,5.542,2.55,83.06,,,,ColiMinder,PASS
Leander,GUS,07/12/2025 14:05,1,2.86,5.411,2.55,83.05,,,,ColiMinder,PASS
Leander,GUS,07/12/2025 15:05,1,2.82,5.374,2.55,82.98,,,,ColiMinder,PASS
Leander,GUS,07/12/2025 16:05,1,2.96,5.514,2.55,83.12,,,,ColiMinder,PASS
Leander,GUS,07/12/2025 17:05,1,2.87,5.424,2.55,83.17,,,,ColiMinder,PASS
Leander,GUS,07/12/2025 18:05,1,3.09,5.639,2.55,83.16,,,,ColiMinder,PASS
Leander,GUS,07/12/2025 19:05,1,2.94,5.492,2.55,83.26,,,,ColiMinder,PASS
Leander,GUS,07/12/2025 20:05,1,2.92,5.472,2.55,83.16,,,,ColiMinder,PASS
Leander,GUS,07/12/2025 21:05,1,2.96,5.508,2.55,83.25,,,,ColiMinder,PASS
Leander,GUS,07/12/2025 22:05,1,3.01,5.564,2.55,83.2,,,,ColiMinder,PASS
Leander,GUS,07/12/2025 23:05,1,3.15,5.703,2.55,83.24,,,,ColiMinder,PASS
Leander,GUS,08/12/2025 0:05,1,2.94,5.486,2.55,83.18,,,,ColiMinder,PASS
Leander,GUS,08/12/2025 1:05,1,3.04,5.587,2.55,83.25,,,,ColiMinder,PASS
Leander,GUS,08/12/2025 2:05,1,3.13,5.682,2.55,83.29,,,,ColiMinder,PASS
Leander,GUS,08/12/2025 3:05,1,3.2,5.748,2.55,83.28,,,,ColiMinder,PASS
Leander,GUS,08/12/2025 4:05,1,3.08,5.632,2.55,83.27,,,,ColiMinder,PASS
Leander,GUS,08/12/2025 5:05,1,3.02,5.571,2.55,83.24,,,,ColiMinder,PASS
Leander,GUS,08/12/2025 6:05,1,3.07,5.624,2.55,83.22,,,,ColiMinder,PASS
Leander,GUS,08/12/2025 7:05,1,3.11,5.662,2.55,83.25,,,,ColiMinder,PASS
Leander,GUS,08/12/2025 8:05,1,3.06,5.606,2.55,83.23,,,,ColiMinder,PASS
Leander,GUS,08/12/2025 9:05,1,3.14,5.695,2.55,83.17,,,,ColiMinder,PASS
Leander,GUS,08/12/2025 10:05,1,3.06,5.65,2.595,83.04,,,,ColiMinder,PASS
Leander,GUS,08/12/2025 11:05,1,3,5.594,2.595,83.12,,,,ColiMinder,PASS
Leander,GUS,08/12/2025 12:05,1,3.02,5.617,2.595,83.02,,,,ColiMinder,PASS
Leander,GUS,08/12/2025 13:05,1,3.02,5.613,2.595,83.09,,,,ColiMinder,PASS
Leander,GUS,08/12/2025 14:05,1,2.94,5.536,2.595,83.18,,,,ColiMinder,PASS
Leander,GUS,08/12/2025 15:05,1,2.96,5.554,2.595,83.22,,,,ColiMinder,PASS
Leander,GUS,08/12/2025 16:05,1,3.01,5.603,2.595,83.25,,,,ColiMinder,PASS
Leander,GUS,08/12/2025 17:05,1,2.89,5.488,2.595,83.22,,,,ColiMinder,PASS
Leander,GUS,08/12/2025 18:05,1,2.85,5.444,2.595,83.23,,,,ColiMinder,PASS
Leander,GUS,08/12/2025 19:05,1,2.96,5.556,2.595,83.32,,,,ColiMinder,PASS
Leander,GUS,08/12/2025 20:05,1,2.88,5.474,2.595,83.24,,,,ColiMinder,PASS
Leander,GUS,08/12/2025 21:05,1,2.97,5.563,2.595,83.29,,,,ColiMinder,PASS
Leander,GUS,08/12/2025 22:05,1,3.07,5.669,2.595,83.3,,,,ColiMinder,PASS
Leander,GUS,08/12/2025 23:05,1,2.89,5.482,2.595,83.31,,,,ColiMinder,PASS
Leander,GUS,09/12/2025 0:05,1,2.94,5.535,2.595,82.23,,,,ColiMinder,PASS
Leander,GUS,09/12/2025 1:05,1,2.91,5.507,2.595,83.28,,,,ColiMinder,PASS
Leander,GUS,09/12/2025 2:05,1,3,5.599,2.595,83.35,,,,ColiMinder,PASS
Leander,GUS,09/12/2025 3:05,1,3.02,5.617,2.595,83.26,,,,ColiMinder,PASS
Leander,GUS,09/12/2025 4:05,1,3.05,5.647,2.595,83.2,,,,ColiMinder,PASS
Leander,GUS,09/12/2025 5:05,1,3.1,5.693,2.595,83.24,,,,ColiMinder,PASS
Leander,GUS,09/12/2025 6:05,1,3.1,5.69,2.595,83.14,,,,ColiMinder,PASS
Leander,GUS,09/12/2025 7:05,1,3.12,5.711,2.595,83.22,,,,ColiMinder,PASS
Leander,GUS,09/12/2025 8:05,1,3.17,5.76,2.595,83.2,,,,ColiMinder,PASS
Leander,GUS,09/12/2025 9:05,1,3.22,5.816,2.595,83.2,,,,ColiMinder,PASS
Leander,GUS,09/12/2025 10:05,1,3.17,5.787,2.621,83.15,,,,ColiMinder,PASS
Leander,GUS,09/12/2025 11:05,1,3.02,5.638,2.621,83.06,,,,ColiMinder,PASS
Leander,GUS,09/12/2025 12:05,1,3.22,5.843,2.621,83.1,,,,ColiMinder,PASS
Leander,GUS,09/12/2025 13:05,1,3.22,5.839,2.621,83.11,,,,ColiMinder,PASS
Leander,GUS,09/12/2025 14:05,1,3.1,5.719,2.621,83.14,,,,ColiMinder,PASS
Leander,GUS,09/12/2025 15:05,1,3.23,5.855,2.621,83.11,,,,ColiMinder,PASS
Leander,GUS,09/12/2025 16:05,1,3.27,5.886,2.621,83.25,,,,ColiMinder,PASS
Leander,GUS,09/12/2025 17:05,1,3.17,5.79,2.621,83.26,,,,ColiMinder,PASS
Leander,GUS,09/12/2025 18:05,1,3.19,5.814,2.621,83.19,,,,ColiMinder,PASS
Leander,GUS,09/12/2025 19:05,1,3.23,5.852,2.621,83.2,,,,ColiMinder,PASS
Leander,GUS,09/12/2025 20:05,1,3.29,5.913,2.621,83.23,,,,ColiMinder,PASS
Leander,GUS,09/12/2025 21:05,1,3.24,5.863,2.621,83.12,,,,ColiMinder,PASS
Leander,GUS,09/12/2025 22:05,1,3.12,5.746,2.621,83.23,,,,ColiMinder,PASS
Leander,GUS,09/12/2025 23:05,1,3.43,6.055,2.621,83.22,,,,ColiMinder,PASS
Leander,GUS,10/12/2025 0:05,1,3.36,5.98,2.621,83.24,,,,ColiMinder,PASS
Leander,GUS,10/12/2025 1:05,1,3.3,5.92,2.621,83.19,,,,ColiMinder,PASS
Leander,GUS,10/12/2025 2:05,1,3.43,6.048,2.621,83.25,,,,ColiMinder,PASS
Leander,GUS,10/12/2025 3:05,1,3.24,5.863,2.621,83.27,,,,ColiMinder,PASS
Leander,GUS,10/12/2025 4:05,1,3.27,5.891,2.621,83.2,,,,ColiMinder,PASS
Leander,GUS,10/12/2025 5:05,1,3.21,5.832,2.621,83.16,,,,ColiMinder,PASS
Leander,GUS,10/12/2025 6:05,1,3.23,5.849,2.621,83.25,,,,ColiMinder,PASS
Leander,GUS,10/12/2025 7:05,1,3.22,5.84,2.621,83.2,,,,ColiMinder,PASS
Leander,GUS,10/12/2025 8:05,1,3.21,5.832,2.621,83.25,,,,ColiMinder,PASS
Leander,GUS,10/12/2025 9:05,1,3.31,5.927,2.621,83.19,,,,ColiMinder,PASS
Leander,GUS,10/12/2025 10:05,1,3.15,5.783,2.629,83.28,,,,ColiMinder,PASS
Leander,GUS,10/12/2025 11:05,1,3.01,5.641,2.629,83.24,,,,ColiMinder,PASS
Leander,GUS,10/12/2025 12:05,1,3.06,5.691,2.629,83.19,,,,ColiMinder,PASS
Leander,GUS,10/12/2025 13:05,1,3.11,5.74,2.629,83.19,,,,ColiMinder,PASS
Leander,GUS,10/12/2025 14:05,1,3.07,5.697,2.629,83.18,,,,ColiMinder,PASS
Leander,GUS,10/12/2025 15:05,1,3.18,5.81,2.629,83.19,,,,ColiMinder,PASS
Leander,GUS,10/12/2025 16:05,1,3.09,5.723,2.629,83.19,,,,ColiMinder,PASS
Leander,GUS,10/12/2025 17:05,1,3.34,5.967,2.629,83.17,,,,ColiMinder,PASS
Leander,GUS,10/12/2025 18:05,1,3.15,5.776,2.629,83.24,,,,ColiMinder,PASS
Leander,GUS,10/12/2025 19:05,1,3.28,5.908,2.629,83.21,,,,ColiMinder,PASS
Leander,GUS,10/12/2025 20:05,1,3.37,5.998,2.629,83.17,,,,ColiMinder,PASS
Leander,GUS,10/12/2025 21:05,1,3.25,5.882,2.629,83.23,,,,ColiMinder,PASS
Leander,GUS,10/12/2025 22:05,1,3.32,5.946,2.629,83.21,,,,ColiMinder,PASS
Leander,GUS,10/12/2025 23:05,1,3.16,5.793,2.629,83.26,,,,ColiMinder,PASS
Leander,GUS,11/12/2025 0:05,1,3.28,5.914,2.629,83.26,,,,ColiMinder,PASS
Leander,GUS,11/12/2025 1:05,1,3.26,5.885,2.629,83.26,,,,ColiMinder,PASS
Leander,GUS,11/12/2025 2:05,1,3.25,5.879,2.629,83.27,,,,ColiMinder,PASS
Leander,GUS,11/12/2025 3:05,1,3.23,5.864,2.629,83.27,,,,ColiMinder,PASS
Leander,GUS,11/12/2025 4:05,1,3.21,5.84,2.629,83.21,,,,ColiMinder,PASS
Leander,GUS,11/12/2025 5:05,1,3.24,5.866,2.629,83.25,,,,ColiMinder,PASS
Leander,GUS,11/12/2025 6:05,1,3.29,5.921,2.629,83.25,,,,ColiMinder,PASS
Leander,GUS,11/12/2025 7:05,1,3.31,5.942,2.629,83.26,,,,ColiMinder,PASS
Leander,GUS,11/12/2025 8:05,1,3.29,5.923,2.629,83.19,,,,ColiMinder,PASS
Leander,GUS,11/12/2025 9:05,1,3.31,5.941,2.629,83.26,,,,ColiMinder,PASS
Leander,GUS,11/12/2025 10:05,1,3.28,5.939,2.662,83.27,,,,ColiMinder,PASS
Leander,GUS,11/12/2025 11:05,1,3.19,5.853,2.662,83.24,,,,ColiMinder,PASS
Leander,GUS,11/12/2025 12:05,1,3.24,5.906,2.662,83.24,,,,ColiMinder,PASS
Leander,GUS,11/12/2025 13:05,1,3.32,5.983,2.662,83.27,,,,ColiMinder,PASS
Leander,GUS,11/12/2025 14:05,1,3.16,5.826,2.662,83.23,,,,ColiMinder,PASS
Leander,GUS,11/12/2025 15:15,1,2.51,5.17,2.662,83.5,,,,ColiMinder,PASS
Leander,GUS,11/12/2025 16:15,1,2.34,5.003,2.662,83.53,,,,ColiMinder,PASS
Leander,GUS,11/12/2025 17:15,1,2.9,5.563,2.662,83.42,,,,ColiMinder,PASS
Leander,GUS,11/12/2025 18:15,1,4.05,6.707,2.662,83.06,,,,ColiMinder,PASS
Leander,GUS,11/12/2025 19:15,1,5.1,7.757,2.662,82.74,,,,ColiMinder,PASS
Leander,GUS,11/12/2025 20:15,1,5.56,8.217,2.662,82.61,,,,ColiMinder,PASS
Leander,GUS,11/12/2025 21:15,1,5.97,8.63,2.662,82.49,,,,ColiMinder,PASS
Leander,GUS,11/12/2025 22:15,1,6.14,8.797,2.662,82.48,,,,ColiMinder,PASS
Leander,GUS,11/12/2025 23:15,1,5.63,8.297,2.662,82.49,,,,ColiMinder,PASS
Leander,GUS,12/12/2025 0:15,1,5.77,8.427,2.662,82.57,,,,ColiMinder,PASS
Leander,GUS,12/12/2025 1:15,1,5.3,7.966,2.662,82.57,,,,ColiMinder,PASS
Leander,GUS,12/12/2025 2:15,1,5.54,8.202,2.662,82.61,,,,ColiMinder,PASS
Leander,GUS,12/12/2025 3:15,1,5.26,7.925,2.662,82.65,,,,ColiMinder,PASS
Leander,GUS,12/12/2025 4:15,1,5.02,7.685,2.662,82.7,,,,ColiMinder,PASS
Leander,GUS,12/12/2025 5:15,1,4.97,7.636,2.662,82.73,,,,ColiMinder,PASS
Leander,GUS,12/12/2025 6:15,1,5.4,8.065,2.662,82.77,,,,ColiMinder,PASS
Leander,GUS,12/12/2025 7:15,1,4.8,7.459,2.662,82.81,,,,ColiMinder,PASS
Leander,GUS,12/12/2025 8:15,1,4.59,7.255,2.662,82.81,,,,ColiMinder,PASS
Leander,GUS,12/12/2025 9:15,1,4.78,7.443,2.662,82.79,,,,ColiMinder,PASS
Leander,GUS,12/12/2025 10:15,1,4.63,7.293,2.662,82.84,,,,ColiMinder,PASS
Leander,GUS,12/12/2025 11:15,1,4.49,7.151,2.662,82.87,,,,ColiMinder,PASS
Leander,GUS,12/12/2025 12:15,1,4.61,7.267,2.662,82.85,,,,ColiMinder,PASS
Leander,GUS,12/12/2025 13:15,1,4.86,7.518,2.662,82.84,,,,ColiMinder,PASS
Leander,GUS,12/12/2025 14:15,1,3.43,7.024,3.59,82.87,,,,ColiMinder,PASS
Leander,GUS,12/12/2025 15:15,1,3.35,6.94,3.59,82.91,,,,ColiMinder,PASS
Leander,GUS,12/12/2025 16:15,1,3.28,6.874,3.59,82.94,,,,ColiMinder,PASS
Leander,GUS,12/12/2025 17:15,1,3.46,7.054,3.59,82.95,,,,ColiMinder,PASS
Leander,GUS,12/12/2025 18:15,1,3.42,7.008,3.59,82.95,,,,ColiMinder,PASS
Leander,GUS,12/12/2025 19:15,1,3.38,6.968,3.59,82.98,,,,ColiMinder,PASS
Leander,GUS,12/12/2025 20:15,1,3.13,6.721,3.59,83,,,,ColiMinder,PASS
Leander,GUS,12/12/2025 21:15,1,3.03,6.625,3.59,83.04,,,,ColiMinder,PASS
Leander,GUS,12/12/2025 22:15,1,3.16,6.748,3.59,83,,,,ColiMinder,PASS
Leander,GUS,12/12/2025 23:15,1,2.66,6.247,3.59,83.06,,,,ColiMinder,PASS
Leander,GUS,13/12/2025 0:15,1,2.87,6.462,3.59,83.06,,,,ColiMinder,PASS
Leander,GUS,13/12/2025 1:15,1,2.8,6.392,3.59,83.09,,,,ColiMinder,PASS
Leander,GUS,13/12/2025 2:15,1,2.7,6.292,3.59,83.07,,,,ColiMinder,PASS
Leander,GUS,13/12/2025 3:15,1,2.92,6.513,3.59,83.12,,,,ColiMinder,PASS
Leander,GUS,13/12/2025 4:15,1,2.84,6.432,3.59,83.09,,,,ColiMinder,PASS
Leander,GUS,13/12/2025 5:15,1,2.79,6.375,3.59,83.09,,,,ColiMinder,PASS
Leander,GUS,13/12/2025 6:15,1,2.73,6.322,3.59,83.11,,,,ColiMinder,PASS
Leander,GUS,13/12/2025 7:15,1,2.73,6.32,3.59,83.1,,,,ColiMinder,PASS
Leander,GUS,13/12/2025 8:15,1,2.82,6.406,3.59,83.04,,,,ColiMinder,PASS
Leander,GUS,13/12/2025 9:15,1,2.71,6.297,3.59,83.05,,,,ColiMinder,PASS
Leander,GUS,13/12/2025 10:15,1,2.69,6.281,3.59,83.02,,,,ColiMinder,PASS
Leander,GUS,13/12/2025 11:15,1,2.6,6.192,3.59,83.11,,,,ColiMinder,PASS
Leander,GUS,13/12/2025 12:15,1,2.7,6.289,3.59,83.01,,,,ColiMinder,PASS
Leander,GUS,13/12/2025 13:15,1,2.64,6.232,3.59,83.04,,,,ColiMinder,PASS
Leander,GUS,13/12/2025 14:15,1,3.56,6.51,2.946,82.96,,,,ColiMinder,PASS
Leander,GUS,13/12/2025 15:15,1,3.21,6.155,2.946,83.12,,,,ColiMinder,PASS
Leander,GUS,13/12/2025 16:15,1,3.2,6.147,2.946,83.15,,,,ColiMinder,PASS
Leander,GUS,13/12/2025 17:15,1,3.2,6.148,2.946,83.13,,,,ColiMinder,PASS
Leander,GUS,13/12/2025 18:15,1,3.29,6.232,2.946,83.16,,,,ColiMinder,PASS
Leander,GUS,13/12/2025 19:15,1,3.2,6.148,2.946,83.17,,,,ColiMinder,PASS
Leander,GUS,13/12/2025 20:15,1,3.09,6.035,2.946,83.17,,,,ColiMinder,PASS
Leander,GUS,13/12/2025 21:15,1,3.16,6.111,2.946,83.15,,,,ColiMinder,PASS
Leander,GUS,13/12/2025 22:15,1,3.08,6.022,2.946,83.12,,,,ColiMinder,PASS
Leander,GUS,13/12/2025 23:15,1,3.2,6.15,2.946,83.11,,,,ColiMinder,PASS
Leander,GUS,14/12/2025 0:15,1,3.41,6.36,2.946,83.11,,,,ColiMinder,PASS
Leander,GUS,14/12/2025 1:15,1,3.39,6.339,2.946,83.1,,,,ColiMinder,PASS
Leander,GUS,14/12/2025 2:15,1,3.36,6.306,2.946,83.06,,,,ColiMinder,PASS
Leander,GUS,14/12/2025 3:15,1,3.58,6.524,2.946,83,,,,ColiMinder,PASS
Leander,GUS,14/12/2025 4:15,1,3.64,6.586,2.946,83.07,,,,ColiMinder,PASS
Leander,GUS,14/12/2025 5:15,1,3.57,6.518,2.946,83.06,,,,ColiMinder,PASS
Leander,GUS,14/12/2025 6:15,1,3.19,6.133,2.946,83.02,,,,ColiMinder,PASS
Leander,GUS,14/12/2025 7:15,1,3.04,5.991,2.946,83.05,,,,ColiMinder,PASS
Leander,GUS,14/12/2025 8:15,1,3.1,6.049,2.946,82.95,,,,ColiMinder,PASS
Leander,GUS,14/12/2025 9:15,1,3.08,6.03,2.946,82.94,,,,ColiMinder,PASS
Leander,GUS,14/12/2025 10:15,1,3.56,6.505,2.946,82.92,,,,ColiMinder,PASS
Leander,GUS,14/12/2025 11:15,1,3.94,6.89,2.946,82.85,,,,ColiMinder,PASS
Leander,GUS,14/12/2025 12:15,1,3.65,6.592,2.946,82.9,,,,ColiMinder,PASS
Leander,GUS,14/12/2025 13:15,1,3.82,6.764,2.946,82.95,,,,ColiMinder,PASS
Leander,GUS,14/12/2025 14:15,1,3.68,6.357,2.677,82.99,,,,ColiMinder,PASS
Leander,GUS,14/12/2025 15:15,1,3.4,6.074,2.677,83.03,,,,ColiMinder,PASS
Leander,GUS,14/12/2025 16:15,1,3.56,6.235,2.677,83.07,,,,ColiMinder,PASS
Leander,GUS,14/12/2025 17:15,1,3.38,6.058,2.677,83.1,,,,ColiMinder,PASS
Leander,GUS,14/12/2025 18:15,1,3.53,6.204,2.677,83.08,,,,ColiMinder,PASS
Leander,GUS,14/12/2025 19:15,1,3.37,6.05,2.677,83.12,,,,ColiMinder,PASS
Leander,GUS,14/12/2025 20:15,1,3.37,6.048,2.677,81.96,,,,ColiMinder,PASS
Leander,GUS,14/12/2025 21:15,1,3.28,5.956,2.677,83.17,,,,ColiMinder,PASS
Leander,GUS,14/12/2025 22:15,1,3.2,5.881,2.677,83.16,,,,ColiMinder,PASS
Leander,GUS,14/12/2025 23:15,1,3.35,6.03,2.677,83.12,,,,ColiMinder,PASS
